"GEO_ID","NAME","P1_001N","P1_002N","P1_003N","P1_004N","P1_005N","P1_006N","P1_007N","P1_008N","P1_009N","P1_010N","P1_011N","P1_012N","P1_013N","P1_014N","P1_015N","P1_016N","P1_017N","P1_018N","P1_019N","P1_020N","P1_021N","P1_022N","P1_023N","P1_024N","P1_025N","P1_026N","P1_027N","P1_028N","P1_029N","P1_030N","P1_031N","P1_032N","P1_033N","P1_034N","P1_035N","P1_036N","P1_037N","P1_038N","P1_039N","P1_040N","P1_041N","P1_042N","P1_043N","P1_044N","P1_045N","P1_046N","P1_047N","P1_048N","P1_049N","P1_050N","P1_051N","P1_052N","P1_053N","P1_054N","P1_055N","P1_056N","P1_057N","P1_058N","P1_059N","P1_060N","P1_061N","P1_062N","P1_063N","P1_064N","P1_065N","P1_066N","P1_067N","P1_068N","P1_069N","P1_070N","P1_071N"
"id","Geographic Area Name"," !!Total:"," !!Total:!!Population of one race:"," !!Total:!!Population of one race:!!White alone"," !!Total:!!Population of one race:!!Black or African American alone"," !!Total:!!Population of one race:!!American Indian and Alaska Native alone"," !!Total:!!Population of one race:!!Asian alone"," !!Total:!!Population of one race:!!Native Hawaiian and Other Pacific Islander alone"," !!Total:!!Population of one race:!!Some Other Race alone"," !!Total:!!Population of two or more races:"," !!Total:!!Population of two or more races:!!Population of two races:"," !!Total:!!Population of two or more races:!!Population of two races:!!White; Black or African American"," !!Total:!!Population of two or more races:!!Population of two races:!!White; American Indian and Alaska Native"," !!Total:!!Population of two or more races:!!Population of two races:!!White; Asian"," !!Total:!!Population of two or more races:!!Population of two races:!!White; Native Hawaiian and Other Pacific Islander"," !!Total:!!Population of two or more races:!!Population of two races:!!White; Some Other Race"," !!Total:!!Population of two or more races:!!Population of two races:!!Black or African American; American Indian and Alaska Native"," !!Total:!!Population of two or more races:!!Population of two races:!!Black or African American; Asian"," !!Total:!!Population of two or more races:!!Population of two races:!!Black or African American; Native Hawaiian and Other Pacific Islander"," !!Total:!!Population of two or more races:!!Population of two races:!!Black or African American; Some Other Race"," !!Total:!!Population of two or more races:!!Population of two races:!!American Indian and Alaska Native; Asian"," !!Total:!!Population of two or more races:!!Population of two races:!!American Indian and Alaska Native; Native Hawaiian and Other Pacific Islander"," !!Total:!!Population of two or more races:!!Population of two races:!!American Indian and Alaska Native; Some Other Race"," !!Total:!!Population of two or more races:!!Population of two races:!!Asian; Native Hawaiian and Other Pacific Islander"," !!Total:!!Population of two or more races:!!Population of two races:!!Asian; Some Other Race"," !!Total:!!Population of two or more races:!!Population of two races:!!Native Hawaiian and Other Pacific Islander; Some Other Race"," !!Total:!!Population of two or more races:!!Population of three races:"," !!Total:!!Population of two or more races:!!Population of three races:!!White; Black or African American; American Indian and Alaska Native"," !!Total:!!Population of two or more races:!!Population of three races:!!White; Black or African American; Asian"," !!Total:!!Population of two or more races:!!Population of three races:!!White; Black or African American; Native Hawaiian and Other Pacific Islander"," !!Total:!!Population of two or more races:!!Population of three races:!!White; Black or African American; Some Other Race"," !!Total:!!Population of two or more races:!!Population of three races:!!White; American Indian and Alaska Native; Asian"," !!Total:!!Population of two or more races:!!Population of three races:!!White; American Indian and Alaska Native; Native Hawaiian and Other Pacific Islander"," !!Total:!!Population of two or more races:!!Population of three races:!!White; American Indian and Alaska Native; Some Other Race"," !!Total:!!Population of two or more races:!!Population of three races:!!White; Asian; Native Hawaiian and Other Pacific Islander"," !!Total:!!Population of two or more races:!!Population of three races:!!White; Asian; Some Other Race"," !!Total:!!Population of two or more races:!!Population of three races:!!White; Native Hawaiian and Other Pacific Islander; Some Other Race"," !!Total:!!Population of two or more races:!!Population of three races:!!Black or African American; American Indian and Alaska Native; Asian"," !!Total:!!Population of two or more races:!!Population of three races:!!Black or African American; American Indian and Alaska Native; Native Hawaiian and Other Pacific Islander"," !!Total:!!Population of two or more races:!!Population of three races:!!Black or African American; American Indian and Alaska Native; Some Other Race"," !!Total:!!Population of two or more races:!!Population of three races:!!Black or African American; Asian; Native Hawaiian and Other Pacific Islander"," !!Total:!!Population of two or more races:!!Population of three races:!!Black or African American; Asian; Some Other Race"," !!Total:!!Population of two or more races:!!Population of three races:!!Black or African American; Native Hawaiian and Other Pacific Islander; Some Other Race"," !!Total:!!Population of two or more races:!!Population of three races:!!American Indian and Alaska Native; Asian; Native Hawaiian and Other Pacific Islander"," !!Total:!!Population of two or more races:!!Population of three races:!!American Indian and Alaska Native; Asian; Some Other Race"," !!Total:!!Population of two or more races:!!Population of three races:!!American Indian and Alaska Native; Native Hawaiian and Other Pacific Islander; Some Other Race"," !!Total:!!Population of two or more races:!!Population of three races:!!Asian; Native Hawaiian and Other Pacific Islander; Some Other Race"," !!Total:!!Population of two or more races:!!Population of four races:"," !!Total:!!Population of two or more races:!!Population of four races:!!White; Black or African American; American Indian and Alaska Native; Asian"," !!Total:!!Population of two or more races:!!Population of four races:!!White; Black or African American; American Indian and Alaska Native; Native Hawaiian and Other Pacific Islander"," !!Total:!!Population of two or more races:!!Population of four races:!!White; Black or African American; American Indian and Alaska Native; Some Other Race"," !!Total:!!Population of two or more races:!!Population of four races:!!White; Black or African American; Asian; Native Hawaiian and Other Pacific Islander"," !!Total:!!Population of two or more races:!!Population of four races:!!White; Black or African American; Asian; Some Other Race"," !!Total:!!Population of two or more races:!!Population of four races:!!White; Black or African American; Native Hawaiian and Other Pacific Islander; Some Other Race"," !!Total:!!Population of two or more races:!!Population of four races:!!White; American Indian and Alaska Native; Asian; Native Hawaiian and Other Pacific Islander"," !!Total:!!Population of two or more races:!!Population of four races:!!White; American Indian and Alaska Native; Asian; Some Other Race"," !!Total:!!Population of two or more races:!!Population of four races:!!White; American Indian and Alaska Native; Native Hawaiian and Other Pacific Islander; Some Other Race"," !!Total:!!Population of two or more races:!!Population of four races:!!White; Asian; Native Hawaiian and Other Pacific Islander; Some Other Race"," !!Total:!!Population of two or more races:!!Population of four races:!!Black or African American; American Indian and Alaska Native; Asian; Native Hawaiian and Other Pacific Islander"," !!Total:!!Population of two or more races:!!Population of four races:!!Black or African American; American Indian and Alaska Native; Asian; Some Other Race"," !!Total:!!Population of two or more races:!!Population of four races:!!Black or African American; American Indian and Alaska Native; Native Hawaiian and Other Pacific Islander; Some Other Race"," !!Total:!!Population of two or more races:!!Population of four races:!!Black or African American; Asian; Native Hawaiian and Other Pacific Islander; Some Other Race"," !!Total:!!Population of two or more races:!!Population of four races:!!American Indian and Alaska Native; Asian; Native Hawaiian and Other Pacific Islander; Some Other Race"," !!Total:!!Population of two or more races:!!Population of five races:"," !!Total:!!Population of two or more races:!!Population of five races:!!White; Black or African American; American Indian and Alaska Native; Asian; Native Hawaiian and Other Pacific Islander"," !!Total:!!Population of two or more races:!!Population of five races:!!White; Black or African American; American Indian and Alaska Native; Asian; Some Other Race"," !!Total:!!Population of two or more races:!!Population of five races:!!White; Black or African American; American Indian and Alaska Native; Native Hawaiian and Other Pacific Islander; Some Other Race"," !!Total:!!Population of two or more races:!!Population of five races:!!White; Black or African American; Asian; Native Hawaiian and Other Pacific Islander; Some Other Race"," !!Total:!!Population of two or more races:!!Population of five races:!!White; American Indian and Alaska Native; Asian; Native Hawaiian and Other Pacific Islander; Some Other Race"," !!Total:!!Population of two or more races:!!Population of five races:!!Black or African American; American Indian and Alaska Native; Asian; Native Hawaiian and Other Pacific Islander; Some Other Race"," !!Total:!!Population of two or more races:!!Population of six races:"," !!Total:!!Population of two or more races:!!Population of six races:!!White; Black or African American; American Indian and Alaska Native; Asian; Native Hawaiian and Other Pacific Islander; Some Other Race"
"0500000US13001","Appling County, Georgia","18444","17737","13071","3387","91","128","1","1059","707","667","217","124","26","6","268","14","3","0","0","2","0","6","1","0","0","29","10","2","0","0","2","1","3","0","8","0","0","0","0","0","0","3","0","0","0","0","11","0","3","2","4","0","0","0","0","0","0","0","1","0","1","0","0","0","0","0","0","0","0","0","0"
"0500000US13003","Atkinson County, Georgia","8286","7613","5280","1213","64","13","4","1039","673","635","37","72","10","4","494","11","2","1","0","0","0","0","0","3","1","27","0","2","0","2","1","0","6","2","8","0","5","0","0","0","0","0","0","0","0","1","3","2","0","1","0","0","0","0","0","0","0","0","0","0","0","0","8","8","0","0","0","0","0","0","0"
"0500000US13005","Bacon County, Georgia","11140","10643","8251","1763","14","40","4","571","497","473","173","96","8","0","177","10","6","0","3","0","0","0","0","0","0","18","0","1","0","2","0","0","8","0","1","0","0","0","1","4","0","1","0","0","0","0","6","2","0","4","0","0","0","0","0","0","0","0","0","0","0","0","0","0","0","0","0","0","0","0","0"
"0500000US13007","Baker County, Georgia","2876","2758","1536","1130","1","18","0","73","118","86","12","13","7","0","31","4","7","1","11","0","0","0","0","0","0","18","1","0","0","1","9","0","3","0","0","2","2","0","0","0","0","0","0","0","0","0","12","2","0","4","0","0","0","1","0","0","4","1","0","0","0","0","0","0","0","0","0","0","0","2","2"
"0500000US13009","Baldwin County, Georgia","43799","42439","22655","18404","83","599","28","670","1360","1271","407","301","88","4","362","47","14","2","38","0","1","3","1","2","1","79","28","6","8","22","2","0","3","8","2","0","0","0","0","0","0","0","0","0","0","0","8","0","4","1","2","0","0","0","0","1","0","0","0","0","0","0","2","0","2","0","0","0","0","0","0"
"0500000US13011","Banks County, Georgia","18035","17053","15838","395","103","190","14","513","982","943","150","318","39","0","414","0","4","2","8","1","0","3","4","0","0","28","12","1","4","4","4","0","0","0","0","0","0","0","2","0","0","1","0","0","0","0","11","2","0","4","0","0","0","0","5","0","0","0","0","0","0","0","0","0","0","0","0","0","0","0","0"
"0500000US13013","Barrow County, Georgia","83505","76740","57644","10369","405","3274","23","5025","6765","6447","1002","1351","368","35","3216","61","53","12","202","15","1","63","21","34","13","296","102","18","0","47","3","1","74","14","15","0","1","0","5","10","4","1","0","0","1","0","18","2","1","7","0","3","2","1","0","0","1","0","0","0","1","0","4","3","0","0","0","0","1","0","0"
"0500000US13015","Bartow County, Georgia","108901","100984","82391","11512","481","1186","44","5370","7917","7525","1358","2272","329","40","3133","78","51","6","151","0","0","72","17","16","2","337","114","18","5","48","20","8","100","0","14","0","3","0","5","2","0","0","0","0","0","0","47","5","0","28","0","3","0","3","5","3","0","0","0","0","0","0","6","0","6","0","0","0","0","2","2"
"0500000US13017","Ben Hill County, Georgia","17194","16434","9432","6267","70","119","0","546","760","713","202","165","25","0","273","27","1","1","12","0","0","0","0","0","7","47","9","0","2","5","2","1","9","0","3","5","7","0","4","0","0","0","0","0","0","0","0","0","0","0","0","0","0","0","0","0","0","0","0","0","0","0","0","0","0","0","0","0","0","0","0"
"0500000US13019","Berrien County, Georgia","18160","17204","14643","1954","37","80","10","480","956","913","174","288","43","0","356","21","0","0","21","1","0","1","4","2","2","40","20","0","2","1","0","4","1","8","2","0","0","0","1","1","0","0","0","0","0","0","3","1","0","0","0","2","0","0","0","0","0","0","0","0","0","0","0","0","0","0","0","0","0","0","0"
"0500000US13021","Bibb County, Georgia","157346","151075","57778","85885","373","3251","53","3735","6271","5873","1743","919","400","34","1739","390","155","18","349","20","0","34","20","45","7","338","149","40","2","47","17","0","17","13","11","6","4","0","16","4","10","2","0","0","0","0","51","8","2","28","1","5","0","0","7","0","0","0","0","0","0","0","9","2","1","0","0","2","4","0","0"
"0500000US13023","Bleckley County, Georgia","12583","12216","9016","2818","20","154","8","200","367","327","92","85","31","0","98","2","1","0","11","0","0","0","0","0","7","30","7","3","1","5","3","3","6","1","0","0","0","0","0","1","0","0","0","0","0","0","10","0","0","9","1","0","0","0","0","0","0","0","0","0","0","0","0","0","0","0","0","0","0","0","0"
"0500000US13025","Brantley County, Georgia","18021","17226","16427","568","57","42","3","129","795","771","120","409","33","0","171","7","5","6","15","1","0","2","1","1","0","17","1","2","0","0","0","0","2","0","0","0","0","0","0","4","0","0","8","0","0","0","6","0","0","1","0","0","0","1","0","0","1","2","1","0","0","0","1","0","0","0","1","0","0","0","0"
"0500000US13027","Brooks County, Georgia","16301","15600","9307","5714","50","67","6","456","701","652","170","173","19","0","248","17","5","0","19","0","1","0","0","0","0","39","13","4","0","5","8","3","0","0","0","0","0","0","2","0","0","2","2","0","0","0","3","0","0","0","0","0","0","3","0","0","0","0","0","0","0","0","7","2","5","0","0","0","0","0","0"
"0500000US13029","Bryan County, Georgia","44738","40943","32217","6486","140","1060","53","987","3795","3508","626","816","497","57","1284","39","34","1","111","4","0","0","17","16","6","258","50","19","5","51","26","0","29","44","17","0","2","0","7","3","0","0","3","0","0","2","25","12","1","6","0","5","1","0","0","0","0","0","0","0","0","0","1","0","0","0","0","0","1","3","3"
"0500000US13031","Bulloch County, Georgia","81099","77243","50718","23052","225","1303","71","1874","3856","3645","898","881","292","45","1150","100","39","7","119","16","0","18","17","62","1","185","65","20","0","48","19","11","10","0","1","2","2","0","4","3","0","0","0","0","0","0","20","1","0","7","0","5","0","7","0","0","0","0","0","0","0","0","6","0","5","0","0","1","0","0","0"
"0500000US13033","Burke County, Georgia","24596","23690","12166","11027","58","97","13","329","906","851","293","218","49","5","213","33","3","4","23","3","1","0","1","3","2","41","15","6","1","1","2","2","1","0","3","0","5","0","0","4","0","1","0","0","0","0","14","5","2","2","3","2","0","0","0","0","0","0","0","0","0","0","0","0","0","0","0","0","0","0","0"
"0500000US13035","Butts County, Georgia","25434","24242","16823","6832","39","107","9","432","1192","1126","254","376","63","6","331","37","4","0","32","7","0","8","0","8","0","53","25","7","1","6","1","0","8","2","2","0","0","0","0","1","0","0","0","0","0","0","12","2","0","8","0","0","1","0","0","0","0","0","0","0","1","0","1","1","0","0","0","0","0","0","0"
"0500000US13037","Calhoun County, Georgia","5573","5493","1783","3581","8","19","0","102","80","67","25","20","0","0","5","9","6","0","0","0","2","0","0","0","0","11","2","2","0","2","2","0","0","2","1","0","0","0","0","0","0","0","0","0","0","0","2","2","0","0","0","0","0","0","0","0","0","0","0","0","0","0","0","0","0","0","0","0","0","0","0"
"0500000US13039","Camden County, Georgia","54768","50464","38371","9697","261","882","77","1176","4304","4004","912","1042","441","46","1231","78","60","12","124","5","1","14","22","10","6","263","89","20","5","21","23","8","39","23","11","3","2","0","9","9","0","0","0","0","0","1","26","10","0","7","0","6","0","0","1","0","2","0","0","0","0","0","9","0","8","0","1","0","0","2","2"
"0500000US13043","Candler County, Georgia","10981","10372","6768","2695","30","65","3","811","609","567","74","111","5","1","345","5","0","0","13","0","2","2","0","9","0","35","8","0","0","0","3","3","10","0","6","0","0","0","4","1","0","0","0","0","0","0","7","0","1","4","0","0","1","0","0","0","0","0","0","0","1","0","0","0","0","0","0","0","0","0","0"
"0500000US13045","Carroll County, Georgia","119148","111334","82566","22126","520","1121","23","4978","7814","7418","1847","1925","386","35","2757","110","50","5","223","0","0","43","9","19","9","361","147","27","7","44","15","1","87","4","9","8","0","0","0","9","3","0","0","0","0","0","32","7","3","7","0","0","0","9","6","0","0","0","0","0","0","0","3","0","0","3","0","0","0","0","0"
"0500000US13047","Catoosa County, Georgia","67872","64020","59903","1858","244","1035","85","895","3852","3716","658","1651","225","28","1065","18","10","0","35","7","1","10","8","0","0","121","32","4","8","12","0","11","24","11","14","0","0","0","0","0","0","0","2","3","0","0","11","1","2","0","0","0","0","7","1","0","0","0","0","0","0","0","4","2","1","0","0","0","1","0","0"
"0500000US13049","Charlton County, Georgia","12518","12070","8745","2627","47","116","2","533","448","401","105","143","20","4","91","19","6","0","4","5","0","4","0","0","0","35","7","14","2","3","0","0","5","3","0","0","0","0","0","0","0","0","1","0","0","0","11","4","0","0","6","0","0","0","0","0","1","0","0","0","0","0","1","1","0","0","0","0","0","0","0"
"0500000US13051","Chatham County, Georgia","295291","277057","143891","109313","1079","10709","456","11609","18234","16941","3493","2563","1822","143","6903","635","293","56","739","18","4","139","70","51","12","1175","414","140","22","177","75","5","169","56","53","0","10","0","40","10","1","2","1","0","0","0","110","31","2","52","7","1","0","0","4","0","0","5","0","0","7","1","8","7","1","0","0","0","0","0","0"
"0500000US13053","Chattahoochee County, Georgia","9565","8525","5965","1511","46","306","111","586","1040","943","142","133","129","11","378","23","14","4","79","4","0","0","22","1","3","82","28","0","0","5","5","0","11","26","2","0","1","4","0","0","0","0","0","0","0","0","13","0","0","7","0","2","0","0","1","0","0","0","2","0","1","0","2","0","0","0","2","0","0","0","0"
"0500000US13055","Chattooga County, Georgia","24965","23761","20293","2408","98","102","0","860","1204","1135","399","420","16","2","272","7","4","2","4","0","0","0","0","0","9","54","15","0","0","5","0","12","13","0","3","0","0","4","0","0","2","0","0","0","0","0","11","5","1","5","0","0","0","0","0","0","0","0","0","0","0","0","4","3","1","0","0","0","0","0","0"
"0500000US13057","Cherokee County, Georgia","266620","242028","204670","17785","1343","5497","117","12616","24592","23512","2471","4442","1993","106","13250","201","152","9","503","18","6","223","34","80","24","1000","236","86","5","148","117","6","259","47","76","0","1","0","14","3","0","1","0","0","1","0","70","14","1","35","5","7","0","0","4","0","0","0","1","3","0","0","10","1","3","0","1","4","1","0","0"
"0500000US13059","Clarke County, Georgia","128671","120054","74925","31660","580","4954","86","7849","8617","8247","1284","1084","1024","63","4176","200","67","7","213","8","5","57","19","32","8","320","95","52","0","48","10","5","81","18","4","0","1","0","2","0","2","0","0","0","2","0","40","6","0","21","0","0","3","6","0","2","0","0","2","0","0","0","4","0","3","0","0","1","0","6","6"
"0500000US13061","Clay County, Georgia","2848","2763","1151","1597","1","6","0","8","85","68","19","13","5","1","13","4","0","1","1","5","0","1","3","1","1","6","3","0","0","0","0","0","0","0","2","1","0","0","0","0","0","0","0","0","0","0","10","5","0","2","0","0","1","1","1","0","0","0","0","0","0","0","1","0","0","1","0","0","0","0","0"
"0500000US13063","Clayton County, Georgia","297595","280614","30505","207981","1991","13640","178","26319","16981","15671","3223","838","284","30","6634","1176","614","91","2175","31","12","390","38","102","33","1160","547","111","12","204","16","1","176","13","10","0","15","0","21","17","13","4","0","0","0","0","147","67","2","66","5","3","1","1","0","2","0","0","0","0","0","0","3","1","2","0","0","0","0","0","0"
"0500000US13065","Clinch County, Georgia","6749","6483","4309","1965","30","23","14","142","266","233","94","61","3","1","41","17","0","0","6","3","0","3","4","0","0","25","5","0","0","2","0","0","0","9","0","1","0","0","2","0","3","0","0","3","0","0","8","2","0","0","0","0","0","0","3","3","0","0","0","0","0","0","0","0","0","0","0","0","0","0","0"
"0500000US13067","Cobb County, Georgia","766149","693000","387625","203840","4260","42810","395","54070","73149","68698","9571","6590","5648","209","38881","1619","1200","140","3562","61","18","699","117","340","43","4025","1249","417","32","857","167","7","735","92","236","8","31","19","89","16","66","0","0","3","0","1","384","102","13","228","2","25","0","2","6","0","6","0","0","0","0","0","36","22","9","1","0","4","0","6","6"
"0500000US13069","Coffee County, Georgia","43092","40920","25437","11972","210","301","26","2974","2172","2080","435","418","78","19","989","62","7","6","37","0","0","25","2","2","0","68","22","3","0","9","8","0","20","1","4","0","0","1","0","0","0","0","0","0","0","0","14","0","0","8","0","3","0","0","3","0","0","0","0","0","0","0","10","9","1","0","0","0","0","0","0"
"0500000US13071","Colquitt County, Georgia","45898","42927","27248","10068","400","388","15","4808","2971","2882","425","326","71","14","1883","43","9","0","50","5","0","51","0","4","1","76","16","3","6","8","8","0","17","4","4","0","4","0","5","0","0","0","0","0","1","0","13","5","0","6","0","0","0","0","0","0","2","0","0","0","0","0","0","0","0","0","0","0","0","0","0"
"0500000US13073","Columbia County, Georgia","156010","142313","102028","28315","540","7211","302","3917","13697","12475","2351","2336","2140","140","4342","201","279","32","483","12","0","36","63","49","11","1086","288","175","10","211","89","3","94","82","68","5","10","0","17","3","17","1","8","3","0","2","118","33","7","53","4","6","0","2","3","8","0","2","0","0","0","0","15","4","9","0","2","0","0","3","3"
"0500000US13075","Cook County, Georgia","17229","16470","10975","4772","73","101","9","540","759","717","181","181","42","2","261","15","7","1","15","0","1","11","0","0","0","31","9","5","1","3","6","0","6","1","0","0","0","0","0","0","0","0","0","0","0","0","9","0","0","0","0","1","0","5","0","0","1","0","0","0","2","0","1","0","1","0","0","0","0","1","1"
"0500000US13077","Coweta County, Georgia","146158","136227","101755","25867","525","3365","66","4649","9931","9363","1450","2123","892","49","4120","196","116","9","255","9","0","53","17","63","11","493","139","57","6","102","20","0","103","20","15","1","0","2","19","4","0","0","0","4","0","1","70","12","5","40","0","5","0","1","5","0","2","0","0","0","0","0","5","0","5","0","0","0","0","0","0"
"0500000US13079","Crawford County, Georgia","12130","11521","9008","2268","58","31","4","152","609","545","118","183","47","6","172","6","3","0","5","0","0","0","2","3","0","46","20","3","5","6","0","0","2","2","1","0","2","0","5","0","0","0","0","0","0","0","11","0","0","7","0","0","0","0","4","0","0","0","0","0","0","0","7","2","4","0","0","0","1","0","0"
"0500000US13081","Crisp County, Georgia","20128","19482","10007","8879","35","180","4","377","646","621","233","128","48","0","147","43","4","3","14","0","0","0","0","0","1","19","11","0","0","1","3","0","0","4","0","0","0","0","0","0","0","0","0","0","0","0","5","0","0","0","1","3","0","0","0","0","0","0","1","0","0","0","1","1","0","0","0","0","0","0","0"
"0500000US13083","Dade County, Georgia","16251","15385","14895","142","83","131","5","129","866","844","54","495","42","0","229","6","0","3","9","0","0","1","3","2","0","16","5","1","0","1","0","0","2","2","0","0","0","0","1","0","1","0","0","2","0","1","6","3","0","2","0","0","0","1","0","0","0","0","0","0","0","0","0","0","0","0","0","0","0","0","0"
"0500000US13085","Dawson County, Georgia","26798","25073","23852","209","90","236","15","671","1725","1672","134","626","105","3","758","6","4","0","13","0","0","15","2","6","0","32","0","2","0","1","6","0","10","2","0","0","0","0","1","4","2","3","0","1","0","0","21","8","0","1","1","0","0","8","0","0","0","3","0","0","0","0","0","0","0","0","0","0","0","0","0"
"0500000US13087","Decatur County, Georgia","29367","28308","14558","12241","109","186","16","1198","1059","990","233","212","31","0","429","29","13","0","25","0","0","4","1","13","0","59","18","13","0","2","0","2","10","9","0","0","0","1","0","2","2","0","0","0","0","0","9","0","0","3","0","0","0","0","6","0","0","0","0","0","0","0","1","1","0","0","0","0","0","0","0"
"0500000US13089","DeKalb County, Georgia","764382","714489","225752","388963","4412","50384","250","44728","49893","46138","7243","2899","5141","151","20946","2420","1202","157","4594","95","12","647","147","429","55","3286","1193","302","16","631","74","11","549","68","154","6","59","9","106","42","54","10","1","1","0","0","415","104","7","234","0","43","0","6","9","0","4","5","1","0","2","0","49","25","24","0","0","0","0","5","5"
"0500000US13091","Dodge County, Georgia","19925","19305","13020","5870","23","95","17","280","620","575","212","127","17","0","187","14","1","1","16","0","0","0","0","0","0","32","5","11","1","3","4","0","2","1","0","0","4","0","1","0","0","0","0","0","0","0","10","1","0","3","0","2","0","2","2","0","0","0","0","0","0","0","1","0","0","0","0","0","1","2","2"
"0500000US13093","Dooly County, Georgia","11208","10898","4691","5561","27","51","5","563","310","294","58","55","15","0","135","11","2","0","15","0","0","3","0","0","0","14","1","0","2","0","4","0","2","4","1","0","0","0","0","0","0","0","0","0","0","0","1","1","0","0","0","0","0","0","0","0","0","0","0","0","0","0","1","1","0","0","0","0","0","0","0"
"0500000US13095","Dougherty County, Georgia","85790","83230","20976","59988","167","668","30","1401","2560","2342","831","345","149","7","514","202","42","29","189","3","0","7","14","4","6","183","88","23","0","24","14","3","12","12","0","0","2","0","4","0","0","0","1","0","0","0","26","13","0","9","0","0","0","0","0","0","0","0","0","4","0","0","6","0","5","0","0","0","1","3","3"
"0500000US13097","Douglas County, Georgia","144237","133692","52285","69870","689","2347","118","8383","10545","9810","2207","1297","348","38","4182","495","229","43","806","18","3","94","11","16","23","667","284","61","0","168","14","0","60","21","28","0","9","0","12","5","3","0","0","0","0","2","64","16","0","37","11","0","0","0","0","0","0","0","0","0","0","0","4","0","0","4","0","0","0","0","0"
"0500000US13099","Early County, Georgia","10854","10572","4864","5562","36","47","3","60","282","254","98","83","9","0","47","14","0","0","1","1","0","0","1","0","0","22","3","0","0","0","2","0","9","3","1","0","4","0","0","0","0","0","0","0","0","0","3","2","1","0","0","0","0","0","0","0","0","0","0","0","0","0","0","0","0","0","0","0","0","3","3"
"0500000US13101","Echols County, Georgia","3697","3313","2534","157","66","11","0","545","384","352","16","41","4","1","271","4","3","0","3","0","1","2","3","1","2","21","4","0","0","0","0","3","11","0","0","0","0","0","0","1","2","0","0","0","0","0","11","0","1","0","0","2","0","4","3","0","1","0","0","0","0","0","0","0","0","0","0","0","0","0","0"
"0500000US13103","Effingham County, Georgia","64769","60278","49132","8845","249","681","40","1331","4491","4210","805","1330","417","41","1409","72","51","4","72","5","0","0","0","1","3","252","76","28","1","45","30","0","30","9","13","2","7","0","3","0","0","3","0","0","0","5","27","14","0","8","0","0","0","0","0","0","5","0","0","0","0","0","1","0","0","0","0","1","0","1","1"
"0500000US13105","Elbert County, Georgia","19637","18863","12824","5280","59","182","9","509","774","726","174","183","29","3","291","19","3","6","4","1","0","6","7","0","0","40","11","5","0","5","4","0","6","0","4","0","0","1","4","0","0","0","0","0","0","0","8","3","0","5","0","0","0","0","0","0","0","0","0","0","0","0","0","0","0","0","0","0","0","0","0"
"0500000US13107","Emanuel County, Georgia","22768","22066","14026","7264","60","143","2","571","702","668","214","187","7","7","178","27","2","0","28","0","0","5","4","0","9","27","11","0","0","1","5","0","7","0","0","1","2","0","0","0","0","0","0","0","0","0","2","1","0","0","0","1","0","0","0","0","0","0","0","0","0","0","5","0","5","0","0","0","0","0","0"
"0500000US13109","Evans County, Georgia","10774","10168","6240","3114","29","82","12","691","606","569","119","97","12","2","319","8","0","0","9","0","0","1","0","2","0","36","8","0","0","1","0","0","12","2","0","0","0","0","13","0","0","0","0","0","0","0","0","0","0","0","0","0","0","0","0","0","0","0","0","0","0","0","1","1","0","0","0","0","0","0","0"
"0500000US13111","Fannin County, Georgia","25319","24179","23549","85","95","113","5","332","1140","1107","75","583","45","0","377","7","1","3","2","5","1","4","4","0","0","31","12","4","0","4","0","0","6","0","0","1","0","0","2","2","0","0","0","0","0","0","2","0","0","0","0","2","0","0","0","0","0","0","0","0","0","0","0","0","0","0","0","0","0","0","0"
"0500000US13113","Fayette County, Georgia","119194","110169","69788","29559","410","6419","58","3935","9025","8415","1258","1295","918","64","3900","218","176","14","431","19","1","70","21","29","1","547","194","53","0","93","28","0","95","16","36","5","10","1","6","2","6","0","0","0","0","2","59","10","0","36","0","4","0","1","5","1","0","0","0","1","0","1","3","0","3","0","0","0","0","1","1"
"0500000US13115","Floyd County, Georgia","98584","91373","69485","14087","698","1289","24","5790","7211","6977","1129","1484","303","28","3654","78","34","8","112","10","3","104","10","20","0","220","83","14","1","29","12","0","49","7","3","0","0","3","10","1","3","5","0","0","0","0","11","4","0","3","0","0","0","1","0","0","3","0","0","0","0","0","3","0","0","0","0","1","2","0","0"
"0500000US13117","Forsyth County, Georgia","251283","230990","163687","10721","1017","45203","92","10270","20293","19365","1448","2719","2322","78","11853","88","153","6","298","47","0","181","39","129","4","798","155","85","3","119","30","4","245","51","80","0","9","0","16","0","0","1","0","0","0","0","119","23","5","74","1","5","0","2","4","0","4","1","0","0","0","0","11","0","11","0","0","0","0","0","0"
"0500000US13119","Franklin County, Georgia","23424","22312","19449","1904","43","261","6","649","1112","1056","225","364","36","8","384","21","0","6","4","0","5","3","0","0","0","48","24","5","0","6","3","0","1","3","0","0","1","1","0","4","0","0","0","0","0","0","5","1","0","2","0","0","0","0","2","0","0","0","0","0","0","0","3","0","0","0","0","0","3","0","0"
"0500000US13121","Fulton County, Georgia","1066710","995802","418700","453834","3255","80949","452","38612","70908","65723","10600","4849","7715","214","31871","3001","1592","229","4468","108","8","476","156","390","46","4480","1524","501","53","828","188","23","598","130","301","9","59","15","116","45","76","11","0","0","0","3","633","167","29","325","17","49","0","9","21","0","3","3","5","0","5","0","72","32","32","1","0","0","7","0","0"
"0500000US13123","Gilmer County, Georgia","31353","29566","26962","146","260","143","5","2050","1787","1731","79","685","73","1","779","6","0","2","25","2","0","78","0","1","0","45","6","2","1","9","6","0","11","0","0","1","2","0","6","0","1","0","0","0","0","0","11","3","0","7","0","1","0","0","0","0","0","0","0","0","0","0","0","0","0","0","0","0","0","0","0"
"0500000US13125","Glascock County, Georgia","2884","2801","2590","196","0","7","4","4","83","58","9","29","0","1","10","1","2","0","2","0","0","4","0","0","0","17","3","0","2","2","4","0","1","0","1","0","0","0","1","1","0","0","0","0","0","2","5","0","1","0","0","3","0","0","0","0","0","1","0","0","0","0","3","0","2","0","0","1","0","0","0"
"0500000US13127","Glynn County, Georgia","84499","79673","54229","20676","372","1189","121","3086","4826","4538","867","970","322","22","1913","126","48","18","181","0","0","31","12","15","13","254","69","32","0","35","10","1","68","11","3","1","0","4","2","7","1","7","0","0","0","3","32","9","0","0","5","6","3","8","0","0","1","0","0","0","0","0","2","0","2","0","0","0","0","0","0"
"0500000US13129","Gordon County, Georgia","57544","52960","45135","2147","358","722","21","4577","4584","4378","514","1173","124","14","2357","28","28","6","66","3","0","55","5","3","2","170","29","7","0","57","13","0","43","7","3","1","0","0","5","0","0","0","0","0","0","5","36","2","4","23","0","3","0","4","0","0","0","0","0","0","0","0","0","0","0","0","0","0","0","0","0"
"0500000US13131","Grady County, Georgia","26236","24887","15065","7336","256","120","6","2104","1349","1298","200","319","32","1","579","22","8","3","86","3","0","43","0","2","0","37","14","9","0","2","0","0","8","0","3","0","0","0","1","0","0","0","0","0","0","0","12","0","3","0","0","3","4","1","0","0","0","0","0","0","1","0","2","1","0","0","0","1","0","0","0"
"0500000US13133","Greene County, Georgia","18915","18026","11296","5810","37","174","4","705","889","858","156","136","42","10","466","20","0","1","19","0","0","6","0","0","2","22","6","3","0","3","3","0","1","6","0","0","0","0","0","0","0","0","0","0","0","0","8","0","0","0","1","0","0","0","0","0","0","6","0","0","1","0","1","0","1","0","0","0","0","0","0"
"0500000US13135","Gwinnett County, Georgia","957062","854481","339822","262709","7918","127152","604","116276","102581","96524","10413","5946","6514","214","60089","1778","1933","167","6528","211","14","1611","220","735","151","5408","1383","632","38","1196","196","13","1130","149","310","36","56","6","135","20","79","11","0","0","0","18","625","150","9","367","20","24","3","21","21","2","2","2","3","0","1","0","18","2","10","5","0","0","1","6","6"
"0500000US13137","Habersham County, Georgia","46031","42313","36249","1749","236","999","36","3044","3718","3573","295","813","149","17","2220","19","1","0","24","0","0","19","0","8","8","118","20","9","3","14","0","2","52","5","0","0","2","1","2","4","0","0","0","4","0","0","27","9","0","12","0","0","0","4","1","0","0","0","0","1","0","0","0","0","0","0","0","0","0","0","0"
"0500000US13139","Hall County, Georgia","203136","180847","130744","14660","1739","4254","107","29343","22289","21606","1511","2663","792","54","15459","89","43","6","343","14","0","575","15","41","1","624","112","28","2","135","38","1","220","9","49","5","0","1","10","0","3","8","0","0","0","3","57","21","1","31","0","0","0","0","4","0","0","0","0","0","0","0","2","1","0","1","0","0","0","0","0"
"0500000US13141","Hancock County, Georgia","8735","8535","2421","6028","25","37","1","23","200","180","73","49","13","2","25","8","0","0","7","0","0","1","0","1","1","20","9","2","0","2","0","0","2","2","1","0","2","0","0","0","0","0","0","0","0","0","0","0","0","0","0","0","0","0","0","0","0","0","0","0","0","0","0","0","0","0","0","0","0","0","0"
"0500000US13143","Haralson County, Georgia","29919","28749","27011","1253","64","187","11","223","1170","1112","217","559","57","6","233","9","13","1","12","2","2","0","1","0","0","48","19","2","1","1","4","3","10","0","2","0","0","0","3","3","0","0","0","0","0","0","7","1","3","0","0","0","0","0","3","0","0","0","0","0","0","0","3","0","3","0","0","0","0","0","0"
"0500000US13145","Harris County, Georgia","34668","32607","26353","5237","122","397","21","477","2061","1934","351","585","257","18","614","25","14","2","47","0","0","7","8","3","3","108","34","5","0","2","20","0","20","3","18","0","2","2","0","2","0","0","0","0","0","0","14","0","0","5","1","4","0","0","0","0","0","0","4","0","0","0","5","5","0","0","0","0","0","0","0"
"0500000US13147","Hart County, Georgia","25828","24648","19447","4334","63","335","2","467","1180","1117","312","318","60","13","373","21","3","4","7","5","0","0","0","0","1","52","25","9","0","0","3","0","4","4","0","0","5","0","0","2","0","0","0","0","0","0","9","3","0","4","1","0","0","0","0","0","1","0","0","0","0","0","2","0","2","0","0","0","0","0","0"
"0500000US13149","Heard County, Georgia","11412","10810","9672","942","33","53","6","104","602","561","144","273","18","4","96","6","1","0","15","0","0","3","0","1","0","38","11","4","0","6","0","0","2","0","3","2","0","0","0","1","9","0","0","0","0","0","3","3","0","0","0","0","0","0","0","0","0","0","0","0","0","0","0","0","0","0","0","0","0","0","0"
"0500000US13151","Henry County, Georgia","240712","225110","89241","118124","832","8064","132","8717","15602","14407","3224","1991","954","63","5014","801","437","82","1561","9","3","149","18","89","12","1073","429","116","12","237","34","5","118","17","19","0","12","7","27","23","4","5","0","3","0","5","108","21","3","71","0","0","1","7","4","1","0","0","0","0","0","0","11","1","10","0","0","0","0","3","3"
"0500000US13153","Houston County, Georgia","163633","151769","88519","52610","574","4975","153","4938","11864","11004","2313","2014","1380","76","4039","292","292","21","377","18","0","68","49","51","14","768","249","105","0","132","54","1","76","57","33","3","17","3","10","0","17","0","4","0","0","7","91","20","4","43","8","0","0","3","6","0","1","6","0","0","0","0","1","0","0","0","1","0","0","0","0"
"0500000US13155","Irwin County, Georgia","9666","9358","6487","2229","24","119","1","498","308","275","53","98","16","8","77","8","2","1","8","2","0","0","2","0","0","21","3","4","0","9","0","0","0","0","0","1","0","0","3","1","0","0","0","0","0","0","12","0","0","9","0","2","0","0","0","0","0","0","0","1","0","0","0","0","0","0","0","0","0","0","0"
"0500000US13157","Jackson County, Georgia","75907","70893","60464","5232","245","1780","44","3128","5014","4832","682","1282","368","21","2283","49","25","2","67","1","0","28","17","7","0","158","36","9","0","19","6","0","61","4","10","4","4","0","4","1","0","0","0","0","0","0","21","0","0","8","0","4","0","0","6","0","0","0","2","0","1","0","3","1","2","0","0","0","0","0","0"
"0500000US13159","Jasper County, Georgia","14588","13819","10913","2464","42","24","9","367","769","733","161","298","22","0","212","13","2","3","7","4","2","1","0","8","0","26","0","3","9","0","1","0","4","0","0","0","3","0","1","4","0","0","0","0","0","1","10","0","0","3","3","0","0","0","0","0","4","0","0","0","0","0","0","0","0","0","0","0","0","0","0"
"0500000US13161","Jeff Davis County, Georgia","14779","14058","10354","2307","82","54","7","1254","721","683","142","140","7","3","361","4","5","3","8","1","0","2","1","4","2","31","5","0","0","8","2","0","9","0","0","2","0","0","1","4","0","0","0","0","0","0","7","5","0","1","0","0","0","0","0","1","0","0","0","0","0","0","0","0","0","0","0","0","0","0","0"
"0500000US13163","Jefferson County, Georgia","15709","15299","6941","7976","44","70","0","268","410","359","163","54","4","11","95","19","6","0","2","0","0","2","3","0","0","45","19","6","0","0","7","0","2","0","0","0","3","0","0","4","3","1","0","0","0","0","6","0","0","0","6","0","0","0","0","0","0","0","0","0","0","0","0","0","0","0","0","0","0","0","0"
"0500000US13165","Jenkins County, Georgia","8674","8462","4679","3545","35","12","5","186","212","190","66","53","7","1","37","2","0","0","6","0","0","10","0","7","1","15","1","4","1","4","0","0","2","0","0","0","0","0","3","0","0","0","0","0","0","0","6","0","0","4","0","1","0","0","1","0","0","0","0","0","0","0","1","0","1","0","0","0","0","0","0"
"0500000US13167","Johnson County, Georgia","9189","8967","5822","3032","23","28","15","47","222","208","73","78","9","0","34","5","0","0","2","0","1","1","0","5","0","12","10","0","1","0","1","0","0","0","0","0","0","0","0","0","0","0","0","0","0","0","2","0","0","0","0","1","0","0","0","0","1","0","0","0","0","0","0","0","0","0","0","0","0","0","0"
"0500000US13169","Jones County, Georgia","28347","27363","20206","6767","49","141","7","193","984","925","238","329","49","1","234","49","8","2","15","0","0","0","0","0","0","51","13","1","3","6","2","0","14","5","0","1","0","0","3","1","0","0","0","2","0","0","8","6","0","1","0","1","0","0","0","0","0","0","0","0","0","0","0","0","0","0","0","0","0","0","0"
"0500000US13171","Lamar County, Georgia","18500","17726","12475","4914","21","103","4","209","774","722","211","220","55","3","178","39","11","0","4","0","0","0","1","0","0","45","23","4","0","0","3","0","5","2","1","0","0","0","5","0","2","0","0","0","0","0","7","0","0","0","1","6","0","0","0","0","0","0","0","0","0","0","0","0","0","0","0","0","0","0","0"
"0500000US13173","Lanier County, Georgia","9877","9300","6794","2173","40","81","20","192","577","544","131","128","23","6","212","16","2","10","10","1","3","2","0","0","0","29","13","3","2","5","3","0","1","0","0","0","2","0","0","0","0","0","0","0","0","0","4","0","0","0","0","0","0","0","0","0","2","0","0","0","2","0","0","0","0","0","0","0","0","0","0"
"0500000US13175","Laurens County, Georgia","49570","47904","28160","18332","102","513","14","783","1666","1587","583","405","72","11","346","73","23","0","57","0","0","6","5","5","1","58","32","7","2","2","6","0","6","0","0","0","0","0","2","0","0","0","1","0","0","0","14","6","0","0","0","0","0","0","2","0","0","0","6","0","0","0","7","1","6","0","0","0","0","0","0"
"0500000US13177","Lee County, Georgia","33163","31675","22985","7375","78","854","13","370","1488","1386","259","417","162","5","442","13","19","7","15","9","0","19","5","11","3","76","18","7","3","8","8","7","6","3","6","0","0","0","2","5","3","0","0","0","0","0","22","6","0","8","0","0","1","0","5","0","0","0","0","0","2","0","4","4","0","0","0","0","0","0","0"
"0500000US13179","Liberty County, Georgia","65256","58897","25953","28095","320","1380","478","2671","6359","5723","1609","672","491","63","1863","225","138","89","461","4","1","27","41","17","22","551","186","82","16","118","31","5","28","24","17","0","10","0","26","3","0","3","0","0","0","2","82","11","0","59","0","6","0","0","0","0","0","0","6","0","0","0","0","0","0","0","0","0","0","3","3"
"0500000US13181","Lincoln County, Georgia","7690","7426","5239","2124","18","20","3","22","264","209","30","101","2","3","42","12","0","7","3","0","0","0","3","0","6","48","13","0","4","5","7","0","6","6","0","0","7","0","0","0","0","0","0","0","0","0","7","5","0","2","0","0","0","0","0","0","0","0","0","0","0","0","0","0","0","0","0","0","0","0","0"
"0500000US13183","Long County, Georgia","16168","14634","9197","4125","137","181","91","903","1534","1389","375","268","104","15","488","37","16","22","56","0","0","0","0","1","7","126","39","17","0","16","10","0","9","9","8","2","7","0","3","1","4","1","0","0","0","0","16","3","0","9","0","0","0","1","3","0","0","0","0","0","0","0","3","3","0","0","0","0","0","0","0"
"0500000US13185","Lowndes County, Georgia","118251","111390","61186","44434","477","1952","117","3224","6861","6394","1390","1191","610","56","2452","222","105","32","247","4","0","38","17","20","10","418","120","50","12","69","10","3","59","36","18","10","8","0","1","16","3","0","2","0","0","1","34","16","5","6","0","0","3","0","0","0","0","4","0","0","0","0","13","3","10","0","0","0","0","2","2"
"0500000US13187","Lumpkin County, Georgia","33488","31335","29750","429","187","257","21","691","2153","2072","188","881","151","14","792","0","8","2","17","3","0","10","0","4","2","60","12","11","0","4","13","0","13","0","2","1","0","0","0","0","3","0","0","1","0","0","20","7","2","0","0","0","1","9","0","0","1","0","0","0","0","0","1","0","1","0","0","0","0","0","0"
"0500000US13189","McDuffie County, Georgia","21632","20759","11580","8682","50","77","20","350","873","770","233","174","50","3","234","9","7","4","36","4","0","8","3","1","4","79","27","8","4","11","6","2","9","1","8","0","1","0","0","0","2","0","0","0","0","0","22","4","0","10","0","0","5","0","2","1","0","0","0","0","0","0","2","2","0","0","0","0","0","0","0"
"0500000US13191","McIntosh County, Georgia","10975","10488","7145","3192","38","43","0","70","487","462","147","138","32","5","85","15","1","0","28","8","0","0","0","3","0","18","3","0","4","1","0","0","8","0","0","0","0","0","0","0","2","0","0","0","0","0","7","7","0","0","0","0","0","0","0","0","0","0","0","0","0","0","0","0","0","0","0","0","0","0","0"
"0500000US13193","Macon County, Georgia","12082","11835","4153","7164","32","156","8","322","247","224","99","28","1","2","67","16","5","0","0","0","0","0","0","6","0","20","0","0","0","4","5","0","5","0","0","0","1","0","0","0","5","0","0","0","0","0","2","1","0","0","0","0","0","0","0","1","0","0","0","0","0","0","1","0","1","0","0","0","0","0","0"
"0500000US13195","Madison County, Georgia","30120","28381","23977","2769","82","529","7","1017","1739","1663","341","543","92","0","641","22","0","2","17","1","4","0","0","0","0","60","22","3","0","5","7","0","18","4","0","1","0","0","0","0","0","0","0","0","0","0","12","3","2","0","0","7","0","0","0","0","0","0","0","0","0","0","4","0","3","0","0","1","0","0","0"
"0500000US13197","Marion County, Georgia","7498","7143","4551","2150","24","55","16","347","355","319","51","122","16","10","102","4","0","0","7","0","0","0","5","0","2","24","0","4","0","0","0","0","15","0","3","0","0","0","1","0","0","0","0","0","0","1","12","0","0","2","0","1","0","6","0","0","0","3","0","0","0","0","0","0","0","0","0","0","0","0","0"
"0500000US13199","Meriwether County, Georgia","20613","19880","12233","7286","64","78","6","213","733","701","219","242","34","7","164","11","0","3","9","0","0","4","0","0","8","31","12","1","0","0","3","0","6","2","0","2","2","0","2","1","0","0","0","0","0","0","0","0","0","0","0","0","0","0","0","0","0","0","0","0","0","0","1","0","1","0","0","0","0","0","0"
"0500000US13201","Miller County, Georgia","6000","5836","3986","1751","10","31","3","55","164","146","55","40","8","3","25","4","3","1","5","0","0","2","0","0","0","15","4","0","0","5","0","0","4","0","0","0","1","0","0","0","0","0","0","1","0","0","2","0","0","0","0","0","0","0","0","1","0","0","1","0","0","0","1","1","0","0","0","0","0","0","0"
"0500000US13205","Mitchell County, Georgia","21755","21159","10273","10114","45","108","0","619","596","564","192","106","29","10","149","22","3","4","34","5","0","10","0","0","0","23","7","4","1","1","0","0","5","0","1","0","0","3","0","0","0","1","0","0","0","0","7","0","0","3","0","3","0","0","1","0","0","0","0","0","0","0","2","2","0","0","0","0","0","0","0"
"0500000US13207","Monroe County, Georgia","27957","26833","20122","6113","43","244","4","307","1124","1055","217","376","85","4","304","31","7","6","18","0","0","4","1","2","0","62","35","0","3","5","0","0","13","0","0","2","1","0","2","0","0","1","0","0","0","0","7","0","0","5","0","0","0","2","0","0","0","0","0","0","0","0","0","0","0","0","0","0","0","0","0"
"0500000US13209","Montgomery County, Georgia","8610","8312","5789","2133","25","39","2","324","298","278","65","79","13","2","102","3","0","0","6","0","0","2","2","0","4","12","10","0","0","0","0","0","2","0","0","0","0","0","0","0","0","0","0","0","0","0","8","0","2","2","0","3","0","0","1","0","0","0","0","0","0","0","0","0","0","0","0","0","0","0","0"
"0500000US13211","Morgan County, Georgia","20097","19284","14609","4122","48","126","1","378","813","755","139","268","42","6","253","20","9","0","11","4","0","0","0","3","0","47","8","10","0","6","6","0","6","0","7","1","0","0","0","3","0","0","0","0","0","0","2","1","0","0","0","0","0","0","0","0","0","0","0","0","1","0","9","5","4","0","0","0","0","0","0"
"0500000US13213","Murray County, Georgia","39973","37164","33343","282","599","134","2","2804","2809","2727","207","925","48","7","1479","5","4","0","9","0","1","28","0","11","3","68","11","8","3","8","1","0","26","4","0","0","0","0","3","0","4","0","0","0","0","0","12","4","0","8","0","0","0","0","0","0","0","0","0","0","0","0","2","0","0","0","0","2","0","0","0"
"0500000US13215","Muscogee County, Georgia","206922","192287","82467","96163","827","5661","555","6614","14635","13394","3200","1867","1434","133","4524","590","414","98","832","27","5","76","109","64","21","1107","375","162","15","153","74","3","125","67","44","1","7","0","51","9","20","0","0","0","0","1","113","31","1","54","5","7","0","3","5","0","3","0","0","0","4","0","18","3","15","0","0","0","0","3","3"
"0500000US13217","Newton County, Georgia","112483","106030","48030","52794","330","1053","125","3698","6453","5999","1594","1075","241","21","1830","261","135","32","713","4","0","55","19","17","2","398","159","37","11","67","14","0","50","8","0","7","6","4","14","9","9","3","0","0","0","0","53","12","3","32","2","1","0","3","0","0","0","0","0","0","0","0","3","0","3","0","0","0","0","0","0"
"0500000US13219","Oconee County, Georgia","41799","39413","34450","1921","76","2082","0","884","2386","2281","251","534","355","7","1061","11","11","0","34","3","0","0","2","12","0","93","28","1","0","8","9","3","24","9","8","0","0","0","2","1","0","0","0","0","0","0","11","2","0","8","0","0","0","0","0","0","0","1","0","0","0","0","1","0","1","0","0","0","0","0","0"
"0500000US13221","Oglethorpe County, Georgia","14825","13933","11072","2260","54","134","5","408","892","833","160","283","51","6","301","16","2","0","2","0","0","2","1","9","0","51","13","1","3","1","0","1","27","0","0","0","2","0","0","0","0","3","0","0","0","0","8","0","0","0","0","4","1","2","1","0","0","0","0","0","0","0","0","0","0","0","0","0","0","0","0"
"0500000US13223","Paulding County, Georgia","168661","156335","111196","37353","614","1956","126","5090","12326","11614","2218","2596","818","63","4627","290","186","25","672","16","3","58","12","23","7","642","223","89","8","141","8","0","90","34","18","5","2","0","13","0","5","3","3","0","0","0","69","18","0","35","2","9","0","1","0","0","0","0","3","0","1","0","1","0","0","0","0","1","0","0","0"
"0500000US13225","Peach County, Georgia","27981","26530","12499","12219","110","199","7","1496","1451","1350","261","279","91","8","602","50","8","5","38","0","0","3","2","1","2","86","20","14","5","2","5","5","16","0","4","3","0","0","2","2","7","0","0","1","0","0","15","0","0","8","0","1","0","0","0","0","3","3","0","0","0","0","0","0","0","0","0","0","0","0","0"
"0500000US13227","Pickens County, Georgia","33216","31519","30400","301","141","194","6","477","1697","1648","155","799","59","10","587","6","3","0","6","3","0","12","2","3","3","28","17","3","0","0","3","1","3","1","0","0","0","0","0","0","0","0","0","0","0","0","14","2","0","6","0","6","0","0","0","0","0","0","0","0","0","0","7","0","7","0","0","0","0","0","0"
"0500000US13229","Pierce County, Georgia","19716","18978","16654","1603","77","83","2","559","738","712","152","230","50","9","232","2","9","2","12","2","0","10","0","0","2","22","14","0","0","3","0","0","3","1","0","0","0","0","1","0","0","0","0","0","0","0","4","0","0","0","2","0","1","0","1","0","0","0","0","0","0","0","0","0","0","0","0","0","0","0","0"
"0500000US13231","Pike County, Georgia","18889","18136","16439","1447","34","79","0","137","753","707","117","323","49","1","196","8","0","6","5","0","0","1","0","1","0","28","11","0","0","0","3","0","0","11","2","0","0","0","0","1","0","0","0","0","0","0","12","5","0","5","0","1","0","0","0","0","0","1","0","0","0","0","6","2","3","0","0","0","1","0","0"
"0500000US13233","Polk County, Georgia","42853","40407","31249","5212","325","240","26","3355","2446","2349","465","682","82","10","1025","24","5","0","32","0","3","12","0","0","9","90","52","0","5","13","0","0","13","0","4","1","0","0","2","0","0","0","0","0","0","0","7","0","0","2","0","0","0","0","1","0","0","2","0","0","2","0","0","0","0","0","0","0","0","0","0"
"0500000US13235","Pulaski County, Georgia","9855","9578","6098","3170","13","93","3","201","277","264","48","80","17","3","93","15","0","0","7","0","0","0","1","0","0","9","1","0","1","2","0","0","0","3","0","0","1","0","1","0","0","0","0","0","0","0","4","0","0","2","0","2","0","0","0","0","0","0","0","0","0","0","0","0","0","0","0","0","0","0","0"
"0500000US13237","Putnam County, Georgia","22047","20902","14669","5419","83","108","1","622","1145","1074","178","226","39","4","554","23","2","5","23","0","0","15","0","4","1","54","11","11","0","5","0","0","8","3","3","0","0","0","5","1","1","0","0","3","0","3","10","0","0","8","0","2","0","0","0","0","0","0","0","0","0","0","5","0","5","0","0","0","0","2","2"
"0500000US13239","Quitman County, Georgia","2235","2143","1190","919","13","12","0","9","92","82","33","23","1","1","10","5","1","0","1","1","0","2","3","0","1","8","2","1","0","0","0","1","0","0","0","3","0","0","0","0","0","1","0","0","0","0","2","0","0","1","0","1","0","0","0","0","0","0","0","0","0","0","0","0","0","0","0","0","0","0","0"
"0500000US13241","Rabun County, Georgia","16883","15796","15033","114","70","63","1","515","1087","1038","55","397","22","2","540","0","4","1","15","0","0","0","2","0","0","42","11","0","0","3","7","0","15","2","4","0","0","0","0","0","0","0","0","0","0","0","6","0","0","1","0","0","0","0","0","0","0","0","0","0","5","0","1","0","1","0","0","0","0","0","0"
"0500000US13243","Randolph County, Georgia","6425","6259","2253","3877","12","21","3","93","166","129","37","48","3","0","30","7","0","0","4","0","0","0","0","0","0","33","3","5","0","1","0","0","10","0","2","1","8","0","0","0","2","0","0","0","0","1","4","0","0","0","0","3","0","1","0","0","0","0","0","0","0","0","0","0","0","0","0","0","0","0","0"
"0500000US13245","Richmond County, Georgia","206607","195001","70997","114201","690","3975","416","4722","11606","10607","3089","1618","932","67","2900","625","339","77","801","14","0","39","45","42","19","914","414","118","5","146","24","15","56","38","18","6","14","2","19","20","11","7","0","1","0","0","74","12","0","46","8","2","1","0","1","0","2","2","0","0","0","0","10","8","0","2","0","0","0","1","1"
"0500000US13247","Rockdale County, Georgia","93570","87365","25661","54409","312","1542","83","5358","6205","5824","1153","632","180","23","2416","312","130","32","876","7","3","24","2","30","4","348","153","33","6","42","12","3","59","8","5","2","1","0","6","4","13","1","0","0","0","0","32","6","0","19","0","2","0","0","0","0","0","0","0","0","5","0","1","1","0","0","0","0","0","0","0"
"0500000US13249","Schley County, Georgia","4547","4379","3425","877","4","20","2","51","168","144","36","44","14","0","38","4","0","0","1","2","0","3","0","1","1","16","8","2","0","1","0","0","2","0","0","0","1","0","0","2","0","0","0","0","0","0","8","0","0","1","0","0","0","2","3","2","0","0","0","0","0","0","0","0","0","0","0","0","0","0","0"
"0500000US13251","Screven County, Georgia","14067","13621","8087","5308","51","61","8","106","446","393","139","95","10","0","102","20","4","0","18","0","0","4","1","0","0","43","11","2","0","20","0","0","0","10","0","0","0","0","0","0","0","0","0","0","0","0","10","4","0","0","0","1","0","0","1","0","4","0","0","0","0","0","0","0","0","0","0","0","0","0","0"
"0500000US13253","Seminole County, Georgia","9147","8853","5658","2995","7","64","2","127","294","276","77","118","11","1","52","3","4","0","0","4","0","6","0","0","0","16","2","3","0","7","0","0","4","0","0","0","0","0","0","0","0","0","0","0","0","0","2","0","2","0","0","0","0","0","0","0","0","0","0","0","0","0","0","0","0","0","0","0","0","0","0"
"0500000US13255","Spalding County, Georgia","67306","63766","37855","23301","245","648","24","1693","3540","3363","827","868","151","14","1203","107","18","3","124","1","1","30","1","3","12","148","70","6","7","30","12","0","12","4","2","0","0","0","2","1","2","0","0","0","0","0","25","5","1","7","2","5","0","0","0","0","5","0","0","0","0","0","3","0","0","0","0","0","3","1","1"
"0500000US13257","Stephens County, Georgia","26784","25199","21589","2976","94","229","11","300","1585","1500","412","547","62","10","373","40","1","4","33","0","0","7","0","11","0","77","36","3","2","12","9","2","7","0","6","0","0","0","0","0","0","0","0","0","0","0","6","0","0","3","1","0","2","0","0","0","0","0","0","0","0","0","2","0","2","0","0","0","0","0","0"
"0500000US13259","Stewart County, Georgia","5314","5179","1352","2466","13","169","6","1173","135","118","33","34","1","1","21","9","6","3","4","0","0","0","3","2","1","10","2","0","3","4","0","0","0","0","0","0","0","0","1","0","0","0","0","0","0","0","6","4","0","2","0","0","0","0","0","0","0","0","0","0","0","0","1","1","0","0","0","0","0","0","0"
"0500000US13261","Sumter County, Georgia","29616","28707","11783","15120","81","504","11","1208","909","833","290","165","49","15","218","48","4","0","30","3","0","0","5","5","1","63","31","3","0","2","3","2","2","5","2","5","1","0","5","1","1","0","0","0","0","0","8","5","0","0","0","0","0","3","0","0","0","0","0","0","0","0","5","5","0","0","0","0","0","0","0"
"0500000US13263","Talbot County, Georgia","5733","5572","2461","3079","5","17","1","9","161","138","34","44","0","0","40","7","1","0","8","0","0","0","4","0","0","16","4","0","0","8","0","1","1","0","1","0","0","0","0","0","1","0","0","0","0","0","4","0","0","0","0","0","0","0","4","0","0","0","0","0","0","0","3","0","3","0","0","0","0","0","0"
"0500000US13265","Taliaferro County, Georgia","1559","1477","606","833","4","6","0","28","82","69","24","14","5","0","15","0","2","3","3","3","0","0","0","0","0","11","2","1","1","2","0","0","0","0","0","0","0","0","0","2","1","0","0","0","0","2","2","0","0","0","1","0","0","0","0","0","0","1","0","0","0","0","0","0","0","0","0","0","0","0","0"
"0500000US13267","Tattnall County, Georgia","22842","21798","14276","6018","83","127","6","1288","1044","951","195","172","20","8","503","12","6","0","22","0","2","1","0","3","7","76","20","16","0","16","1","1","10","3","0","0","0","0","2","3","4","0","0","0","0","0","16","9","2","0","1","0","0","0","0","0","0","2","0","0","2","0","1","0","0","0","0","0","1","0","0"
"0500000US13269","Taylor County, Georgia","7816","7597","4640","2826","27","39","5","60","219","198","88","53","1","0","34","3","6","3","4","0","0","4","2","0","0","19","11","0","0","2","0","1","2","0","2","0","0","0","1","0","0","0","0","0","0","0","2","0","0","0","2","0","0","0","0","0","0","0","0","0","0","0","0","0","0","0","0","0","0","0","0"
"0500000US13271","Telfair County, Georgia","12477","12175","7269","4630","35","32","0","209","302","281","98","56","14","0","102","0","0","0","8","0","0","3","0","0","0","8","4","0","0","1","2","0","1","0","0","0","0","0","0","0","0","0","0","0","0","0","9","0","0","6","0","0","0","0","0","0","0","0","0","3","0","0","4","3","1","0","0","0","0","0","0"
"0500000US13273","Terrell County, Georgia","9185","8942","3237","5565","11","67","4","58","243","220","78","52","3","0","32","14","5","0","22","0","1","0","9","4","0","18","5","6","1","4","0","0","0","0","0","0","0","0","0","0","0","2","0","0","0","0","3","0","0","0","1","0","2","0","0","0","0","0","0","0","0","0","2","2","0","0","0","0","0","0","0"
"0500000US13275","Thomas County, Georgia","45798","44064","26375","16343","189","424","9","724","1734","1663","415","508","94","6","463","53","14","4","85","2","0","7","5","6","1","63","35","2","1","11","2","0","1","1","6","0","0","0","4","0","0","0","0","0","0","0","8","1","0","6","0","1","0","0","0","0","0","0","0","0","0","0","0","0","0","0","0","0","0","0","0"
"0500000US13277","Tift County, Georgia","41344","38926","23237","12131","136","651","2","2769","2418","2318","451","348","115","1","1284","52","6","0","39","0","0","17","0","3","2","86","26","4","3","7","10","0","32","0","2","0","0","0","2","0","0","0","0","0","0","0","14","2","4","7","0","0","0","0","0","1","0","0","0","0","0","0","0","0","0","0","0","0","0","0","0"
"0500000US13279","Toombs County, Georgia","27030","25660","16560","7023","101","209","6","1761","1370","1308","314","225","43","2","664","21","2","0","3","0","0","26","5","1","2","53","20","3","0","5","11","0","11","0","0","0","0","0","0","3","0","0","0","0","0","0","9","0","0","6","0","2","0","1","0","0","0","0","0","0","0","0","0","0","0","0","0","0","0","0","0"
"0500000US13281","Towns County, Georgia","12493","12023","11594","128","30","81","3","187","470","441","20","205","24","3","180","0","0","0","0","0","0","6","1","0","2","20","2","0","5","0","0","0","7","0","0","1","0","0","3","2","0","0","0","0","0","0","6","1","0","0","0","4","0","0","1","0","0","0","0","0","0","0","3","3","0","0","0","0","0","0","0"
"0500000US13283","Treutlen County, Georgia","6406","6224","4106","2024","21","7","1","65","182","166","74","36","8","0","34","0","0","0","5","0","0","0","4","1","4","14","3","5","0","1","0","3","0","2","0","0","0","0","0","0","0","0","0","0","0","0","2","0","0","2","0","0","0","0","0","0","0","0","0","0","0","0","0","0","0","0","0","0","0","0","0"
"0500000US13285","Troup County, Georgia","69426","66486","38639","24287","203","1610","37","1710","2940","2766","843","677","157","15","814","85","24","14","105","2","2","25","1","0","2","158","69","13","1","7","10","6","22","13","0","1","3","0","7","0","1","0","0","5","0","0","16","0","0","12","0","0","1","2","0","0","0","1","0","0","0","0","0","0","0","0","0","0","0","0","0"
"0500000US13287","Turner County, Georgia","9006","8711","4812","3666","7","51","0","175","295","267","101","65","1","0","70","18","1","0","7","4","0","0","0","0","0","22","0","3","0","7","2","0","4","0","0","0","2","0","4","0","0","0","0","0","0","0","6","0","0","0","0","4","0","2","0","0","0","0","0","0","0","0","0","0","0","0","0","0","0","0","0"
"0500000US13289","Twiggs County, Georgia","8022","7744","4522","3124","22","37","0","39","278","256","72","102","17","2","52","3","0","0","6","0","0","0","2","0","0","21","8","4","0","4","0","0","0","0","0","0","0","0","3","1","0","0","0","1","0","0","1","0","0","0","1","0","0","0","0","0","0","0","0","0","0","0","0","0","0","0","0","0","0","0","0"
"0500000US13291","Union County, Georgia","24632","23437","22836","129","93","106","0","273","1195","1145","55","528","62","11","463","3","3","2","4","5","3","5","0","1","0","44","2","0","1","20","2","0","11","1","4","0","1","2","0","0","0","0","0","0","0","0","6","0","0","6","0","0","0","0","0","0","0","0","0","0","0","0","0","0","0","0","0","0","0","0","0"
"0500000US13293","Upson County, Georgia","27700","26648","18141","7899","93","151","1","363","1052","1006","337","348","62","0","200","17","2","5","27","0","0","5","3","0","0","42","20","3","2","0","4","0","1","2","0","1","0","0","5","4","0","0","0","0","0","0","3","0","0","2","0","0","0","0","0","0","0","0","0","0","1","0","1","0","0","0","0","1","0","0","0"
"0500000US13295","Walker County, Georgia","67654","64260","60122","2871","208","299","34","726","3394","3286","643","1546","161","10","845","36","0","0","29","0","1","5","8","2","0","92","34","11","1","19","0","0","9","3","6","4","0","0","2","3","0","0","0","0","0","0","13","0","0","1","3","1","0","0","0","0","1","3","0","0","4","0","1","0","0","1","0","0","0","2","2"
"0500000US13297","Walton County, Georgia","96673","91248","69649","17325","290","1414","54","2516","5425","5205","954","1571","401","16","1818","106","67","5","181","1","2","12","20","44","7","199","89","14","3","27","7","5","18","7","15","1","1","2","6","0","3","0","0","0","0","1","16","0","1","14","0","0","0","0","0","0","0","0","0","0","1","0","5","0","1","0","0","0","4","0","0"
"0500000US13299","Ware County, Georgia","36251","34707","22626","10768","101","333","18","861","1544","1468","496","357","47","0","470","50","5","0","34","2","0","2","0","4","1","62","32","3","6","12","4","0","3","0","1","0","0","0","0","0","1","0","0","0","0","0","8","0","3","5","0","0","0","0","0","0","0","0","0","0","0","0","6","3","0","0","3","0","0","0","0"
"0500000US13301","Warren County, Georgia","5215","5097","1994","3053","18","15","3","14","118","96","53","14","4","2","17","0","2","0","4","0","0","0","0","0","0","15","3","0","0","6","0","0","6","0","0","0","0","0","0","0","0","0","0","0","0","0","7","0","1","0","0","6","0","0","0","0","0","0","0","0","0","0","0","0","0","0","0","0","0","0","0"
"0500000US13303","Washington County, Georgia","19988","19487","8482","10724","43","76","0","162","501","450","173","108","8","4","110","12","0","2","25","7","0","1","0","0","0","42","12","3","2","3","2","0","8","0","2","0","4","0","2","0","0","0","3","0","1","0","8","0","4","3","0","0","0","0","1","0","0","0","0","0","0","0","1","0","0","0","0","1","0","0","0"
"0500000US13305","Wayne County, Georgia","30144","28867","21859","5978","101","174","2","753","1277","1204","269","323","89","0","418","49","2","6","31","0","0","9","5","0","3","59","22","0","0","16","5","1","8","0","2","1","0","0","2","2","0","0","0","0","0","0","10","2","3","0","0","2","0","0","1","0","0","1","0","0","1","0","4","0","4","0","0","0","0","0","0"
"0500000US13307","Webster County, Georgia","2348","2249","1145","1063","3","12","6","20","99","75","14","27","3","8","12","8","3","0","0","0","0","0","0","0","0","19","9","1","0","3","0","0","2","0","3","0","0","1","0","0","0","0","0","0","0","0","2","0","0","0","2","0","0","0","0","0","0","0","0","0","0","0","3","0","3","0","0","0","0","0","0"
"0500000US13309","Wheeler County, Georgia","7471","7303","4226","2882","28","18","0","149","168","155","49","58","3","0","34","2","1","0","8","0","0","0","0","0","0","11","0","0","0","2","0","0","0","6","0","0","0","1","2","0","0","0","0","0","0","0","2","1","1","0","0","0","0","0","0","0","0","0","0","0","0","0","0","0","0","0","0","0","0","0","0"
"0500000US13311","White County, Georgia","28003","26389","25261","476","144","161","0","347","1614","1565","180","798","87","0","470","8","7","3","4","0","0","6","0","0","2","43","24","7","2","0","4","0","2","0","0","0","1","0","0","0","3","0","0","0","0","0","4","2","0","2","0","0","0","0","0","0","0","0","0","0","0","0","2","0","0","2","0","0","0","0","0"
"0500000US13313","Whitfield County, Georgia","102864","90662","65152","3765","2037","1427","37","18244","12202","11826","770","1360","222","8","8814","43","4","6","131","3","0","415","9","30","11","331","71","15","0","53","5","0","164","2","5","0","0","1","9","2","4","0","0","0","0","0","39","0","0","31","1","6","0","0","0","0","0","0","1","0","0","0","4","1","2","1","0","0","0","2","2"
"0500000US13315","Wilcox County, Georgia","8766","8542","5254","3099","3","49","3","134","224","191","39","63","6","2","67","3","0","1","1","0","0","3","0","5","1","27","10","0","0","0","6","0","3","6","0","0","2","0","0","0","0","0","0","0","0","0","0","0","0","0","0","0","0","0","0","0","0","0","0","0","0","0","6","0","6","0","0","0","0","0","0"
"0500000US13317","Wilkes County, Georgia","9565","9172","5050","3846","35","62","1","178","393","362","101","91","6","0","134","15","0","4","9","0","0","0","1","1","0","23","3","0","1","0","3","0","3","1","5","0","4","0","3","0","0","0","0","0","0","0","8","1","1","1","0","0","0","5","0","0","0","0","0","0","0","0","0","0","0","0","0","0","0","0","0"
"0500000US13319","Wilkinson County, Georgia","8877","8520","5167","3175","30","30","7","111","357","331","119","121","5","0","69","0","4","0","12","0","0","0","0","0","1","19","4","0","3","0","0","0","2","2","1","0","7","0","0","0","0","0","0","0","0","0","5","0","0","0","3","0","1","1","0","0","0","0","0","0","0","0","2","0","2","0","0","0","0","0","0"
"0500000US13321","Worth County, Georgia","20784","20132","14529","5273","61","88","8","173","652","612","175","194","48","0","152","35","0","0","5","0","0","1","0","0","2","26","6","1","2","3","2","3","5","0","1","0","0","0","3","0","0","0","0","0","0","0","9","0","0","4","0","5","0","0","0","0","0","0","0","0","0","0","5","0","5","0","0","0","0","0","0"
"0400000US13","Georgia","10711908","9968000","5555483","3320513","50618","479028","7299","555059","743908","698142","115782","106685","55138","3094","333782","19655","11481","1812","36334","1007","147","7360","1680","3398","787","40179","13019","4196","462","7178","1892","242","6817","1473","1931","185","490","101","1017","397","504","110","40","42","6","77","4971","1173","159","2453","154","352","40","176","191","30","71","61","40","13","56","2","551","193","270","22","11","22","33","65","65"
