"GEO_ID","NAME","P2_001N","P2_002N","P2_003N","P2_004N","P2_005N","P2_006N","P2_007N","P2_008N","P2_009N","P2_010N","P2_011N","P2_012N","P2_013N","P2_014N","P2_015N","P2_016N","P2_017N","P2_018N","P2_019N","P2_020N","P2_021N","P2_022N","P2_023N","P2_024N","P2_025N","P2_026N","P2_027N","P2_028N","P2_029N","P2_030N","P2_031N","P2_032N","P2_033N","P2_034N","P2_035N","P2_036N","P2_037N","P2_038N","P2_039N","P2_040N","P2_041N","P2_042N","P2_043N","P2_044N","P2_045N","P2_046N","P2_047N","P2_048N","P2_049N","P2_050N","P2_051N","P2_052N","P2_053N","P2_054N","P2_055N","P2_056N","P2_057N","P2_058N","P2_059N","P2_060N","P2_061N","P2_062N","P2_063N","P2_064N","P2_065N","P2_066N","P2_067N","P2_068N","P2_069N","P2_070N","P2_071N","P2_072N","P2_073N"
"id","Geographic Area Name"," !!Total:"," !!Total:!!Hispanic or Latino"," !!Total:!!Not Hispanic or Latino:"," !!Total:!!Not Hispanic or Latino:!!Population of one race:"," !!Total:!!Not Hispanic or Latino:!!Population of one race:!!White alone"," !!Total:!!Not Hispanic or Latino:!!Population of one race:!!Black or African American alone"," !!Total:!!Not Hispanic or Latino:!!Population of one race:!!American Indian and Alaska Native alone"," !!Total:!!Not Hispanic or Latino:!!Population of one race:!!Asian alone"," !!Total:!!Not Hispanic or Latino:!!Population of one race:!!Native Hawaiian and Other Pacific Islander alone"," !!Total:!!Not Hispanic or Latino:!!Population of one race:!!Some Other Race alone"," !!Total:!!Not Hispanic or Latino:!!Population of two or more races:"," !!Total:!!Not Hispanic or Latino:!!Population of two or more races:!!Population of two races:"," !!Total:!!Not Hispanic or Latino:!!Population of two or more races:!!Population of two races:!!White; Black or African American"," !!Total:!!Not Hispanic or Latino:!!Population of two or more races:!!Population of two races:!!White; American Indian and Alaska Native"," !!Total:!!Not Hispanic or Latino:!!Population of two or more races:!!Population of two races:!!White; Asian"," !!Total:!!Not Hispanic or Latino:!!Population of two or more races:!!Population of two races:!!White; Native Hawaiian and Other Pacific Islander"," !!Total:!!Not Hispanic or Latino:!!Population of two or more races:!!Population of two races:!!White; Some Other Race"," !!Total:!!Not Hispanic or Latino:!!Population of two or more races:!!Population of two races:!!Black or African American; American Indian and Alaska Native"," !!Total:!!Not Hispanic or Latino:!!Population of two or more races:!!Population of two races:!!Black or African American; Asian"," !!Total:!!Not Hispanic or Latino:!!Population of two or more races:!!Population of two races:!!Black or African American; Native Hawaiian and Other Pacific Islander"," !!Total:!!Not Hispanic or Latino:!!Population of two or more races:!!Population of two races:!!Black or African American; Some Other Race"," !!Total:!!Not Hispanic or Latino:!!Population of two or more races:!!Population of two races:!!American Indian and Alaska Native; Asian"," !!Total:!!Not Hispanic or Latino:!!Population of two or more races:!!Population of two races:!!American Indian and Alaska Native; Native Hawaiian and Other Pacific Islander"," !!Total:!!Not Hispanic or Latino:!!Population of two or more races:!!Population of two races:!!American Indian and Alaska Native; Some Other Race"," !!Total:!!Not Hispanic or Latino:!!Population of two or more races:!!Population of two races:!!Asian; Native Hawaiian and Other Pacific Islander"," !!Total:!!Not Hispanic or Latino:!!Population of two or more races:!!Population of two races:!!Asian; Some Other Race"," !!Total:!!Not Hispanic or Latino:!!Population of two or more races:!!Population of two races:!!Native Hawaiian and Other Pacific Islander; Some Other Race"," !!Total:!!Not Hispanic or Latino:!!Population of two or more races:!!Population of three races:"," !!Total:!!Not Hispanic or Latino:!!Population of two or more races:!!Population of three races:!!White; Black or African American; American Indian and Alaska Native"," !!Total:!!Not Hispanic or Latino:!!Population of two or more races:!!Population of three races:!!White; Black or African American; Asian"," !!Total:!!Not Hispanic or Latino:!!Population of two or more races:!!Population of three races:!!White; Black or African American; Native Hawaiian and Other Pacific Islander"," !!Total:!!Not Hispanic or Latino:!!Population of two or more races:!!Population of three races:!!White; Black or African American; Some Other Race"," !!Total:!!Not Hispanic or Latino:!!Population of two or more races:!!Population of three races:!!White; American Indian and Alaska Native; Asian"," !!Total:!!Not Hispanic or Latino:!!Population of two or more races:!!Population of three races:!!White; American Indian and Alaska Native; Native Hawaiian and Other Pacific Islander"," !!Total:!!Not Hispanic or Latino:!!Population of two or more races:!!Population of three races:!!White; American Indian and Alaska Native; Some Other Race"," !!Total:!!Not Hispanic or Latino:!!Population of two or more races:!!Population of three races:!!White; Asian; Native Hawaiian and Other Pacific Islander"," !!Total:!!Not Hispanic or Latino:!!Population of two or more races:!!Population of three races:!!White; Asian; Some Other Race"," !!Total:!!Not Hispanic or Latino:!!Population of two or more races:!!Population of three races:!!White; Native Hawaiian and Other Pacific Islander; Some Other Race"," !!Total:!!Not Hispanic or Latino:!!Population of two or more races:!!Population of three races:!!Black or African American; American Indian and Alaska Native; Asian"," !!Total:!!Not Hispanic or Latino:!!Population of two or more races:!!Population of three races:!!Black or African American; American Indian and Alaska Native; Native Hawaiian and Other Pacific Islander"," !!Total:!!Not Hispanic or Latino:!!Population of two or more races:!!Population of three races:!!Black or African American; American Indian and Alaska Native; Some Other Race"," !!Total:!!Not Hispanic or Latino:!!Population of two or more races:!!Population of three races:!!Black or African American; Asian; Native Hawaiian and Other Pacific Islander"," !!Total:!!Not Hispanic or Latino:!!Population of two or more races:!!Population of three races:!!Black or African American; Asian; Some Other Race"," !!Total:!!Not Hispanic or Latino:!!Population of two or more races:!!Population of three races:!!Black or African American; Native Hawaiian and Other Pacific Islander; Some Other Race"," !!Total:!!Not Hispanic or Latino:!!Population of two or more races:!!Population of three races:!!American Indian and Alaska Native; Asian; Native Hawaiian and Other Pacific Islander"," !!Total:!!Not Hispanic or Latino:!!Population of two or more races:!!Population of three races:!!American Indian and Alaska Native; Asian; Some Other Race"," !!Total:!!Not Hispanic or Latino:!!Population of two or more races:!!Population of three races:!!American Indian and Alaska Native; Native Hawaiian and Other Pacific Islander; Some Other Race"," !!Total:!!Not Hispanic or Latino:!!Population of two or more races:!!Population of three races:!!Asian; Native Hawaiian and Other Pacific Islander; Some Other Race"," !!Total:!!Not Hispanic or Latino:!!Population of two or more races:!!Population of four races:"," !!Total:!!Not Hispanic or Latino:!!Population of two or more races:!!Population of four races:!!White; Black or African American; American Indian and Alaska Native; Asian"," !!Total:!!Not Hispanic or Latino:!!Population of two or more races:!!Population of four races:!!White; Black or African American; American Indian and Alaska Native; Native Hawaiian and Other Pacific Islander"," !!Total:!!Not Hispanic or Latino:!!Population of two or more races:!!Population of four races:!!White; Black or African American; American Indian and Alaska Native; Some Other Race"," !!Total:!!Not Hispanic or Latino:!!Population of two or more races:!!Population of four races:!!White; Black or African American; Asian; Native Hawaiian and Other Pacific Islander"," !!Total:!!Not Hispanic or Latino:!!Population of two or more races:!!Population of four races:!!White; Black or African American; Asian; Some Other Race"," !!Total:!!Not Hispanic or Latino:!!Population of two or more races:!!Population of four races:!!White; Black or African American; Native Hawaiian and Other Pacific Islander; Some Other Race"," !!Total:!!Not Hispanic or Latino:!!Population of two or more races:!!Population of four races:!!White; American Indian and Alaska Native; Asian; Native Hawaiian and Other Pacific Islander"," !!Total:!!Not Hispanic or Latino:!!Population of two or more races:!!Population of four races:!!White; American Indian and Alaska Native; Asian; Some Other Race"," !!Total:!!Not Hispanic or Latino:!!Population of two or more races:!!Population of four races:!!White; American Indian and Alaska Native; Native Hawaiian and Other Pacific Islander; Some Other Race"," !!Total:!!Not Hispanic or Latino:!!Population of two or more races:!!Population of four races:!!White; Asian; Native Hawaiian and Other Pacific Islander; Some Other Race"," !!Total:!!Not Hispanic or Latino:!!Population of two or more races:!!Population of four races:!!Black or African American; American Indian and Alaska Native; Asian; Native Hawaiian and Other Pacific Islander"," !!Total:!!Not Hispanic or Latino:!!Population of two or more races:!!Population of four races:!!Black or African American; American Indian and Alaska Native; Asian; Some Other Race"," !!Total:!!Not Hispanic or Latino:!!Population of two or more races:!!Population of four races:!!Black or African American; American Indian and Alaska Native; Native Hawaiian and Other Pacific Islander; Some Other Race"," !!Total:!!Not Hispanic or Latino:!!Population of two or more races:!!Population of four races:!!Black or African American; Asian; Native Hawaiian and Other Pacific Islander; Some Other Race"," !!Total:!!Not Hispanic or Latino:!!Population of two or more races:!!Population of four races:!!American Indian and Alaska Native; Asian; Native Hawaiian and Other Pacific Islander; Some Other Race"," !!Total:!!Not Hispanic or Latino:!!Population of two or more races:!!Population of five races:"," !!Total:!!Not Hispanic or Latino:!!Population of two or more races:!!Population of five races:!!White; Black or African American; American Indian and Alaska Native; Asian; Native Hawaiian and Other Pacific Islander"," !!Total:!!Not Hispanic or Latino:!!Population of two or more races:!!Population of five races:!!White; Black or African American; American Indian and Alaska Native; Asian; Some Other Race"," !!Total:!!Not Hispanic or Latino:!!Population of two or more races:!!Population of five races:!!White; Black or African American; American Indian and Alaska Native; Native Hawaiian and Other Pacific Islander; Some Other Race"," !!Total:!!Not Hispanic or Latino:!!Population of two or more races:!!Population of five races:!!White; Black or African American; Asian; Native Hawaiian and Other Pacific Islander; Some Other Race"," !!Total:!!Not Hispanic or Latino:!!Population of two or more races:!!Population of five races:!!White; American Indian and Alaska Native; Asian; Native Hawaiian and Other Pacific Islander; Some Other Race"," !!Total:!!Not Hispanic or Latino:!!Population of two or more races:!!Population of five races:!!Black or African American; American Indian and Alaska Native; Asian; Native Hawaiian and Other Pacific Islander; Some Other Race"," !!Total:!!Not Hispanic or Latino:!!Population of two or more races:!!Population of six races:"," !!Total:!!Not Hispanic or Latino:!!Population of two or more races:!!Population of six races:!!White; Black or African American; American Indian and Alaska Native; Asian; Native Hawaiian and Other Pacific Islander; Some Other Race"
"0500000US13001","Appling County, Georgia","18444","1825","16619","16202","12674","3339","33","123","1","32","417","391","205","121","26","0","23","12","1","0","0","2","0","0","1","0","0","21","10","2","0","0","2","1","3","0","0","0","0","0","0","0","0","3","0","0","0","0","5","0","3","0","0","0","0","0","0","0","0","0","1","0","1","0","0","0","0","0","0","0","0","0","0"
"0500000US13003","Atkinson County, Georgia","8286","2048","6238","6071","4801","1208","30","12","4","16","167","144","37","67","8","4","17","11","0","0","0","0","0","0","0","0","0","13","0","0","0","2","1","0","1","0","3","0","5","0","0","0","0","0","0","0","0","1","2","2","0","0","0","0","0","0","0","0","0","0","0","0","0","0","8","8","0","0","0","0","0","0","0"
"0500000US13005","Bacon County, Georgia","11140","875","10265","9930","8103","1747","4","40","4","32","335","316","163","96","8","0","32","10","4","0","3","0","0","0","0","0","0","15","0","1","0","2","0","0","5","0","1","0","0","0","1","4","0","1","0","0","0","0","4","0","0","4","0","0","0","0","0","0","0","0","0","0","0","0","0","0","0","0","0","0","0","0","0"
"0500000US13007","Baker County, Georgia","2876","143","2733","2663","1514","1128","1","18","0","2","70","55","9","12","7","0","5","4","7","1","10","0","0","0","0","0","0","11","1","0","0","1","4","0","3","0","0","0","2","0","0","0","0","0","0","0","0","0","2","0","0","0","0","0","0","1","0","0","0","1","0","0","0","0","0","0","0","0","0","0","0","2","2"
"0500000US13009","Baldwin County, Georgia","43799","1139","42660","41633","22432","18318","64","599","27","193","1027","977","401","296","88","4","105","43","13","2","23","0","0","1","1","0","0","44","18","6","8","2","2","0","0","8","0","0","0","0","0","0","0","0","0","0","0","0","6","0","4","0","2","0","0","0","0","0","0","0","0","0","0","0","0","0","0","0","0","0","0","0","0"
"0500000US13011","Banks County, Georgia","18035","1164","16871","16251","15578","394","54","189","8","28","620","599","150","316","38","0","82","0","0","2","6","1","0","0","4","0","0","15","8","0","2","3","2","0","0","0","0","0","0","0","0","0","0","0","0","0","0","0","6","2","0","4","0","0","0","0","0","0","0","0","0","0","0","0","0","0","0","0","0","0","0","0","0"
"0500000US13013","Barrow County, Georgia","83505","10560","72945","69562","55582","10141","130","3233","17","459","3383","3216","943","1272","351","33","390","58","52","12","60","11","1","5","20","4","4","153","97","18","0","4","3","1","1","14","0","0","1","0","0","9","4","1","0","0","0","0","11","2","0","7","0","1","0","1","0","0","0","0","0","0","0","0","3","3","0","0","0","0","0","0","0"
"0500000US13015","Bartow County, Georgia","108901","10751","98150","93397","80159","11309","254","1169","40","466","4753","4552","1279","2195","321","38","504","78","51","5","45","0","0","4","17","15","0","181","97","17","5","21","18","8","8","0","5","0","0","0","0","2","0","0","0","0","0","0","14","2","0","9","0","0","0","3","0","0","0","0","0","0","0","0","4","0","4","0","0","0","0","2","2"
"0500000US13017","Ben Hill County, Georgia","17194","1054","16140","15662","9219","6222","57","116","0","48","478","452","200","163","25","0","28","27","1","1","5","0","0","0","0","0","2","26","8","0","2","2","2","1","2","0","0","0","5","0","4","0","0","0","0","0","0","0","0","0","0","0","0","0","0","0","0","0","0","0","0","0","0","0","0","0","0","0","0","0","0","0","0"
"0500000US13019","Berrien County, Georgia","18160","1045","17115","16504","14396","1934","22","80","10","62","611","575","164","277","41","0","65","19","0","0","3","0","0","0","4","2","0","33","16","0","2","1","0","4","0","8","2","0","0","0","0","0","0","0","0","0","0","0","3","1","0","0","0","2","0","0","0","0","0","0","0","0","0","0","0","0","0","0","0","0","0","0","0"
"0500000US13021","Bibb County, Georgia","157346","6737","150609","146155","56787","85234","281","3209","42","602","4454","4160","1670","889","397","33","349","370","154","18","212","11","0","8","20","29","0","258","138","37","2","19","14","0","1","13","8","1","3","0","9","3","10","0","0","0","0","0","30","8","2","16","1","3","0","0","0","0","0","0","0","0","0","0","6","2","0","0","0","0","4","0","0"
"0500000US13023","Bleckley County, Georgia","12583","469","12114","11857","8867","2788","11","153","8","30","257","226","84","79","28","0","24","2","1","0","7","0","0","0","0","0","1","22","7","0","0","1","3","3","6","1","0","0","0","0","0","1","0","0","0","0","0","0","9","0","0","9","0","0","0","0","0","0","0","0","0","0","0","0","0","0","0","0","0","0","0","0","0"
"0500000US13025","Brantley County, Georgia","18021","326","17695","17003","16317","562","45","42","3","34","692","672","120","398","31","0","99","7","5","6","4","0","0","0","1","1","0","15","1","2","0","0","0","0","0","0","0","0","0","0","0","4","0","0","8","0","0","0","4","0","0","1","0","0","0","1","0","0","0","2","0","0","0","0","1","0","0","0","1","0","0","0","0"
"0500000US13027","Brooks County, Georgia","16301","955","15346","14889","9066","5684","24","67","6","42","457","420","167","166","19","0","39","16","5","0","7","0","1","0","0","0","0","27","13","4","0","0","5","3","0","0","0","0","0","0","0","0","0","0","2","0","0","0","3","0","0","0","0","0","0","3","0","0","0","0","0","0","0","0","7","2","5","0","0","0","0","0","0"
"0500000US13029","Bryan County, Georgia","44738","3269","41469","39022","31321","6330","102","1032","53","184","2447","2291","564","777","463","55","294","36","34","1","39","4","0","0","16","8","0","147","44","19","5","3","25","0","6","36","2","0","2","0","0","2","0","0","3","0","0","0","9","7","1","0","0","1","0","0","0","0","0","0","0","0","0","0","0","0","0","0","0","0","0","0","0"
"0500000US13031","Bulloch County, Georgia","81099","4180","76919","74240","49712","22775","159","1283","62","249","2679","2545","859","844","282","44","224","100","39","7","60","15","0","0","17","54","0","115","65","14","0","5","16","11","0","0","1","0","2","0","0","1","0","0","0","0","0","0","14","1","0","6","0","0","0","7","0","0","0","0","0","0","0","0","5","0","5","0","0","0","0","0","0"
"0500000US13033","Burke County, Georgia","24596","777","23819","23116","11941","10957","45","97","10","66","703","663","287","211","43","3","57","33","3","4","12","3","1","0","1","3","2","30","15","1","1","0","2","0","0","0","1","0","5","0","0","4","0","1","0","0","0","0","10","5","2","2","0","1","0","0","0","0","0","0","0","0","0","0","0","0","0","0","0","0","0","0","0"
"0500000US13035","Butts County, Georgia","25434","803","24631","23750","16628","6808","39","102","9","164","881","836","245","375","61","6","88","37","4","0","12","7","0","0","0","1","0","40","22","7","1","6","1","0","0","2","0","0","0","0","0","1","0","0","0","0","0","0","4","2","0","0","0","0","1","0","0","0","0","0","0","0","1","0","1","1","0","0","0","0","0","0","0"
"0500000US13037","Calhoun County, Georgia","5573","149","5424","5363","1766","3569","8","19","0","1","61","54","22","20","0","0","1","5","6","0","0","0","0","0","0","0","0","7","2","0","0","0","2","0","0","2","1","0","0","0","0","0","0","0","0","0","0","0","0","0","0","0","0","0","0","0","0","0","0","0","0","0","0","0","0","0","0","0","0","0","0","0","0"
"0500000US13039","Camden County, Georgia","54768","3658","51110","48121","37203","9497","185","845","66","325","2989","2801","845","958","408","46","314","73","56","12","57","0","0","0","21","10","1","166","74","20","5","6","21","5","0","17","0","1","2","0","6","9","0","0","0","0","0","0","12","10","0","2","0","0","0","0","0","0","0","0","0","0","0","0","8","0","8","0","0","0","0","2","2"
"0500000US13043","Candler County, Georgia","10981","1378","9603","9359","6567","2681","19","63","3","26","244","218","71","107","5","0","19","5","0","0","7","0","2","0","0","2","0","20","7","0","0","0","3","2","3","0","2","0","0","0","2","1","0","0","0","0","0","0","6","0","1","4","0","0","0","0","0","0","0","0","0","0","1","0","0","0","0","0","0","0","0","0","0"
"0500000US13045","Carroll County, Georgia","119148","9586","109562","104407","80725","21781","271","1104","21","505","5155","4911","1777","1862","374","34","606","101","50","5","83","0","0","4","9","5","1","222","131","25","4","20","15","0","8","4","0","4","0","0","0","8","3","0","0","0","0","0","22","7","0","0","0","0","0","9","6","0","0","0","0","0","0","0","0","0","0","0","0","0","0","0","0"
"0500000US13047","Catoosa County, Georgia","67872","2341","65531","62511","59280","1808","181","1025","84","133","3020","2934","636","1627","216","25","382","18","0","0","14","7","1","0","8","0","0","75","30","2","8","0","0","11","9","11","2","0","0","0","0","0","0","0","2","0","0","0","9","0","2","0","0","0","0","7","0","0","0","0","0","0","0","0","2","0","1","0","0","0","1","0","0"
"0500000US13049","Charlton County, Georgia","12518","2036","10482","10099","7532","2386","40","109","2","30","383","342","98","143","15","4","54","18","5","0","0","1","0","4","0","0","0","35","7","14","2","3","0","0","5","3","0","0","0","0","0","0","0","0","1","0","0","0","6","0","0","0","6","0","0","0","0","0","0","0","0","0","0","0","0","0","0","0","0","0","0","0","0"
"0500000US13051","Chatham County, Georgia","295291","23790","271501","260538","139433","108011","619","10620","408","1447","10963","10154","3229","2420","1752","128","1260","585","269","45","352","13","1","8","65","26","1","744","363","121","20","48","75","2","5","55","12","0","10","0","20","10","0","2","1","0","0","0","57","24","2","11","7","0","0","0","0","0","0","5","0","0","7","1","8","7","1","0","0","0","0","0","0"
"0500000US13053","Chattahoochee County, Georgia","9565","1610","7955","7364","5403","1463","35","304","104","55","591","531","137","111","129","11","34","20","13","1","52","1","0","0","19","1","2","57","23","0","0","0","5","0","0","24","0","0","1","4","0","0","0","0","0","0","0","0","1","0","0","0","0","0","0","0","0","0","0","0","0","0","1","0","2","0","0","0","2","0","0","0","0"
"0500000US13055","Chattooga County, Georgia","24965","1297","23668","22698","20079","2391","45","102","0","81","970","924","389","406","16","0","97","7","4","1","4","0","0","0","0","0","0","33","15","0","0","5","0","7","0","0","0","0","0","4","0","0","2","0","0","0","0","0","10","5","0","5","0","0","0","0","0","0","0","0","0","0","0","0","3","2","1","0","0","0","0","0","0"
"0500000US13057","Cherokee County, Georgia","266620","32111","234509","222768","197867","17326","502","5429","100","1544","11741","11210","2295","4193","1921","102","2124","183","151","4","164","8","3","8","33","20","1","504","192","80","5","19","113","6","19","47","17","0","1","0","4","0","0","1","0","0","0","0","21","11","1","3","5","0","0","0","0","0","0","0","1","0","0","0","6","1","0","0","0","4","1","0","0"
"0500000US13059","Clarke County, Georgia","128671","14336","114335","109831","72201","31367","297","4920","66","980","4504","4312","1226","1025","1007","59","571","199","61","7","104","5","0","3","16","21","8","171","78","48","0","9","4","5","8","12","2","0","1","0","2","0","0","0","0","0","2","0","14","6","0","0","0","0","0","6","0","0","0","0","2","0","0","0","3","0","3","0","0","0","0","4","4"
"0500000US13061","Clay County, Georgia","2848","41","2807","2750","1143","1593","1","6","0","7","57","50","18","13","5","1","0","4","0","1","1","3","0","0","3","0","1","3","3","0","0","0","0","0","0","0","0","0","0","0","0","0","0","0","0","0","0","0","4","1","0","2","0","0","0","0","1","0","0","0","0","0","0","0","0","0","0","0","0","0","0","0","0"
"0500000US13063","Clayton County, Georgia","297595","42546","255049","247214","25902","205301","601","13491","119","1800","7835","7054","2981","715","252","26","268","1081","599","89","921","22","5","18","38","37","2","698","457","90","9","76","13","1","5","12","0","0","13","0","5","13","4","0","0","0","0","0","82","56","2","15","5","3","0","1","0","0","0","0","0","0","0","0","1","1","0","0","0","0","0","0","0"
"0500000US13065","Clinch County, Georgia","6749","253","6496","6296","4256","1950","30","22","7","31","200","193","89","57","0","1","18","17","0","0","5","3","0","2","1","0","0","7","2","0","0","0","0","0","0","3","0","1","0","0","1","0","0","0","0","0","0","0","0","0","0","0","0","0","0","0","0","0","0","0","0","0","0","0","0","0","0","0","0","0","0","0","0"
"0500000US13067","Cobb County, Georgia","766149","111240","654909","620751","369182","200072","1289","42533","293","7382","34158","31802","8870","5998","5472","198","6561","1455","1123","122","1554","59","11","41","111","212","15","2175","1045","384","30","244","166","7","26","91","50","3","31","16","32","16","33","0","0","0","0","1","148","79","10","45","2","10","0","2","0","0","0","0","0","0","0","0","27","22","4","1","0","0","0","6","6"
"0500000US13069","Coffee County, Georgia","43092","5430","37662","36474","24158","11872","62","299","14","69","1188","1144","421","395","65","19","147","62","7","6","18","0","0","0","2","2","0","32","14","0","0","1","8","0","4","1","4","0","0","0","0","0","0","0","0","0","0","0","2","0","0","2","0","0","0","0","0","0","0","0","0","0","0","0","10","9","1","0","0","0","0","0","0"
"0500000US13071","Colquitt County, Georgia","45898","8709","37189","36175","25588","9995","83","388","15","106","1014","971","411","297","66","11","117","30","9","0","24","5","0","0","0","1","0","37","15","3","6","0","4","0","0","0","3","0","2","0","4","0","0","0","0","0","0","0","6","5","0","1","0","0","0","0","0","0","0","0","0","0","0","0","0","0","0","0","0","0","0","0","0"
"0500000US13073","Columbia County, Georgia","156010","11858","144152","135356","99111","27621","354","7102","271","897","8796","8106","2171","2182","2044","138","845","183","254","31","158","11","0","1","52","27","9","627","193","164","10","47","82","1","7","77","14","0","10","0","6","0","15","0","1","0","0","0","54","29","3","11","4","4","0","1","0","0","0","2","0","0","0","0","6","4","0","0","2","0","0","3","3"
"0500000US13075","Cook County, Georgia","17229","1134","16095","15595","10658","4753","29","100","4","51","500","465","176","169","42","1","46","15","7","1","8","0","0","0","0","0","0","25","9","5","1","2","6","0","1","1","0","0","0","0","0","0","0","0","0","0","0","0","9","0","0","0","0","1","0","5","0","0","1","0","0","0","2","0","0","0","0","0","0","0","0","1","1"
"0500000US13077","Coweta County, Georgia","146158","11053","135105","129323","99421","25544","298","3329","62","669","5782","5484","1331","2042","874","49","745","177","114","3","96","4","0","2","17","30","0","266","136","51","6","21","20","0","6","14","0","1","0","2","5","4","0","0","0","0","0","0","27","12","0","15","0","0","0","0","0","0","0","0","0","0","0","0","5","0","5","0","0","0","0","0","0"
"0500000US13079","Crawford County, Georgia","12130","415","11715","11256","8866","2267","45","31","3","44","459","420","111","183","47","6","62","6","3","0","0","0","0","0","2","0","0","32","14","3","5","0","0","0","1","2","1","0","2","0","4","0","0","0","0","0","0","0","4","0","0","4","0","0","0","0","0","0","0","0","0","0","0","0","3","2","0","0","0","0","1","0","0"
"0500000US13081","Crisp County, Georgia","20128","634","19494","18979","9892","8821","18","180","4","64","515","495","230","121","48","0","35","43","4","3","11","0","0","0","0","0","0","15","7","0","0","1","3","0","0","4","0","0","0","0","0","0","0","0","0","0","0","0","5","0","0","0","1","3","0","0","0","0","0","0","1","0","0","0","0","0","0","0","0","0","0","0","0"
"0500000US13083","Dade County, Georgia","16251","364","15887","15160","14786","141","68","129","5","31","727","713","53","495","42","0","109","2","0","0","7","0","0","0","3","2","0","13","3","1","0","0","0","0","2","2","0","0","0","0","1","0","1","0","0","2","0","1","1","0","0","0","0","0","0","1","0","0","0","0","0","0","0","0","0","0","0","0","0","0","0","0","0"
"0500000US13085","Dawson County, Georgia","26798","1605","25193","24150","23544","200","63","235","14","94","1043","1004","132","599","100","3","151","4","4","0","5","0","0","0","2","4","0","18","0","2","0","1","6","0","0","2","0","0","0","0","1","4","2","0","0","0","0","0","21","8","0","1","1","0","0","8","0","0","0","3","0","0","0","0","0","0","0","0","0","0","0","0","0"
"0500000US13087","Decatur County, Georgia","29367","1911","27456","26807","14280","12200","64","183","16","64","649","602","217","211","31","0","79","29","13","0","19","0","0","0","0","3","0","46","18","13","0","1","0","2","0","9","0","0","0","1","0","2","0","0","0","0","0","0","0","0","0","0","0","0","0","0","0","0","0","0","0","0","0","0","1","1","0","0","0","0","0","0","0"
"0500000US13089","DeKalb County, Georgia","764382","81471","682911","656491","215895","384438","1161","50076","202","4719","26420","24132","6807","2593","5005","146","2814","2283","1142","137","2583","79","7","31","143","340","22","2069","1060","277","16","276","62","6","43","65","39","2","49","9","61","42","50","10","1","1","0","0","188","92","1","67","0","21","0","4","0","0","0","0","1","0","2","0","31","14","17","0","0","0","0","0","0"
"0500000US13091","Dodge County, Georgia","19925","620","19305","18878","12865","5847","21","95","8","42","427","396","205","125","16","0","30","10","1","1","8","0","0","0","0","0","0","26","4","10","0","3","4","0","2","1","0","0","2","0","0","0","0","0","0","0","0","0","4","1","0","1","0","0","0","2","0","0","0","0","0","0","0","0","1","0","0","0","0","0","1","0","0"
"0500000US13093","Dooly County, Georgia","11208","797","10411","10235","4611","5540","17","51","2","14","176","165","58","53","15","0","22","9","2","0","6","0","0","0","0","0","0","10","1","0","0","0","4","0","0","4","1","0","0","0","0","0","0","0","0","0","0","0","0","0","0","0","0","0","0","0","0","0","0","0","0","0","0","0","1","1","0","0","0","0","0","0","0"
"0500000US13095","Dougherty County, Georgia","85790","2413","83377","81380","20631","59720","128","647","20","234","1997","1830","802","326","147","6","144","200","39","29","120","3","0","2","11","1","0","144","80","22","0","7","13","3","4","12","0","0","2","0","0","0","0","0","1","0","0","0","14","6","0","8","0","0","0","0","0","0","0","0","0","0","0","0","6","0","5","0","0","0","1","3","3"
"0500000US13097","Douglas County, Georgia","144237","16035","128202","122457","49877","68763","335","2313","97","1072","5745","5294","2076","1249","332","37","464","470","219","43","365","17","0","1","11","6","4","414","242","57","0","50","12","0","4","10","19","0","9","0","6","3","2","0","0","0","0","0","33","15","0","7","11","0","0","0","0","0","0","0","0","0","0","0","4","0","0","4","0","0","0","0","0"
"0500000US13099","Early County, Georgia","10854","186","10668","10436","4813","5534","31","47","0","11","232","215","94","73","9","0","23","14","0","0","0","1","0","0","1","0","0","11","3","0","0","0","0","0","1","3","0","0","4","0","0","0","0","0","0","0","0","0","3","2","1","0","0","0","0","0","0","0","0","0","0","0","0","0","0","0","0","0","0","0","0","3","3"
"0500000US13101","Echols County, Georgia","3697","1091","2606","2522","2328","147","37","8","0","2","84","71","16","40","3","0","3","0","3","0","0","0","1","0","3","0","2","8","3","0","0","0","0","3","0","0","0","0","0","0","0","0","2","0","0","0","0","0","5","0","1","0","0","0","0","3","0","0","1","0","0","0","0","0","0","0","0","0","0","0","0","0","0"
"0500000US13103","Effingham County, Georgia","64769","3492","61277","58106","48204","8747","181","677","28","269","3171","3019","786","1276","403","36","365","68","44","4","31","5","0","0","0","1","0","133","53","18","1","12","30","0","0","9","0","2","5","0","3","0","0","0","0","0","0","0","17","14","0","3","0","0","0","0","0","0","0","0","0","0","0","0","1","0","0","0","0","1","0","1","1"
"0500000US13105","Elbert County, Georgia","19637","996","18641","18127","12610","5253","26","182","3","53","514","477","171","179","29","3","59","15","3","6","2","0","0","3","7","0","0","29","11","1","0","5","4","0","0","0","4","0","0","1","3","0","0","0","0","0","0","0","8","3","0","5","0","0","0","0","0","0","0","0","0","0","0","0","0","0","0","0","0","0","0","0","0"
"0500000US13107","Emanuel County, Georgia","22768","993","21775","21277","13815","7246","33","141","2","40","498","487","204","187","7","7","37","24","2","0","19","0","0","0","0","0","0","10","3","0","0","0","4","0","3","0","0","0","0","0","0","0","0","0","0","0","0","0","1","0","0","0","0","1","0","0","0","0","0","0","0","0","0","0","0","0","0","0","0","0","0","0","0"
"0500000US13109","Evans County, Georgia","10774","1237","9537","9246","6038","3083","15","78","11","21","291","273","113","88","10","2","41","8","0","0","9","0","0","1","0","1","0","17","7","0","0","0","0","0","3","2","0","0","0","0","5","0","0","0","0","0","0","0","0","0","0","0","0","0","0","0","0","0","0","0","0","0","0","0","1","1","0","0","0","0","0","0","0"
"0500000US13111","Fannin County, Georgia","25319","753","24566","23692","23351","85","85","113","3","55","874","858","75","581","43","0","140","7","1","0","2","5","0","0","4","0","0","16","9","4","0","1","0","0","0","0","0","0","0","0","2","0","0","0","0","0","0","0","0","0","0","0","0","0","0","0","0","0","0","0","0","0","0","0","0","0","0","0","0","0","0","0","0"
"0500000US13113","Fayette County, Georgia","119194","9480","109714","104776","68144","29166","212","6362","44","848","4938","4614","1181","1191","894","62","637","203","170","14","207","9","0","7","21","18","0","305","167","42","0","26","23","0","13","16","1","0","10","1","1","0","3","0","0","0","0","2","16","8","0","2","0","4","0","0","0","1","0","0","0","0","0","1","3","0","3","0","0","0","0","0","0"
"0500000US13115","Floyd County, Georgia","98584","11466","87118","83560","67747","13940","191","1287","24","371","3558","3414","1099","1433","297","28","376","71","29","8","38","10","3","0","9","13","0","137","81","14","0","7","12","0","6","4","3","0","0","0","10","0","0","0","0","0","0","0","5","4","0","0","0","0","0","1","0","0","0","0","0","0","0","0","2","0","0","0","0","0","2","0","0"
"0500000US13117","Forsyth County, Georgia","251283","25226","226057","216775","159407","10455","456","45117","85","1255","9282","8888","1380","2533","2253","77","2065","88","153","6","139","47","0","11","39","93","4","363","121","78","2","32","29","4","11","49","21","0","9","0","7","0","0","0","0","0","0","0","29","20","5","0","0","3","0","0","0","0","0","1","0","0","0","0","2","0","2","0","0","0","0","0","0"
"0500000US13119","Franklin County, Georgia","23424","1121","22303","21527","19262","1888","34","261","3","79","776","734","220","355","34","7","91","21","0","4","2","0","0","0","0","0","0","37","24","5","0","0","3","0","0","3","0","0","1","1","0","0","0","0","0","0","0","0","2","1","0","1","0","0","0","0","0","0","0","0","0","0","0","0","3","0","0","0","0","0","3","0","0"
"0500000US13121","Fulton County, Georgia","1066710","86302","980408","942611","404793","448803","1558","80632","381","6444","37797","34754","10006","4356","7497","203","5394","2810","1512","215","2161","102","8","55","148","268","19","2688","1305","460","48","272","168","22","25","122","70","2","42","15","50","39","41","4","0","0","0","3","321","145","13","97","17","30","0","9","1","0","0","0","5","0","4","0","34","13","13","1","0","0","7","0","0"
"0500000US13123","Gilmer County, Georgia","31353","3599","27754","26767","26365","127","62","131","0","82","987","968","77","659","65","1","144","6","0","2","13","0","0","0","0","1","0","16","6","1","1","0","0","0","0","0","0","0","2","0","5","0","1","0","0","0","0","0","3","3","0","0","0","0","0","0","0","0","0","0","0","0","0","0","0","0","0","0","0","0","0","0","0"
"0500000US13125","Glascock County, Georgia","2884","52","2832","2778","2573","196","0","7","2","0","54","39","7","26","0","0","3","1","2","0","0","0","0","0","0","0","0","13","3","0","2","0","4","0","0","0","1","0","0","0","0","1","0","0","0","0","0","2","2","0","1","0","0","1","0","0","0","0","0","0","0","0","0","0","0","0","0","0","0","0","0","0","0"
"0500000US13127","Glynn County, Georgia","84499","6336","78163","75250","52987","20469","175","1175","92","352","2913","2754","817","938","317","22","378","118","44","18","83","0","0","2","9","3","5","135","61","31","0","7","6","1","6","11","0","0","0","4","0","6","1","0","0","0","0","1","22","9","0","0","1","3","1","8","0","0","0","0","0","0","0","0","2","0","2","0","0","0","0","0","0"
"0500000US13129","Gordon County, Georgia","57544","8957","48587","46371","43317","2075","122","719","15","123","2216","2126","496","1127","119","14","284","17","17","5","31","3","0","3","5","3","2","72","28","7","0","7","13","0","5","7","0","0","0","0","0","0","0","0","0","0","0","5","18","2","0","9","0","3","0","4","0","0","0","0","0","0","0","0","0","0","0","0","0","0","0","0","0"
"0500000US13131","Grady County, Georgia","26236","3273","22963","22291","14715","7285","89","110","6","86","672","637","195","304","30","1","61","19","6","3","14","3","0","0","0","1","0","23","11","8","0","1","0","0","0","0","3","0","0","0","0","0","0","0","0","0","0","0","10","0","1","0","0","3","4","1","0","0","0","0","0","0","1","0","2","1","0","0","0","1","0","0","0"
"0500000US13133","Greene County, Georgia","18915","1289","17626","17171","11126","5783","28","174","2","58","455","433","153","134","40","7","76","19","0","1","3","0","0","0","0","0","0","14","6","3","0","0","3","0","0","2","0","0","0","0","0","0","0","0","0","0","0","0","8","0","0","0","1","0","0","0","0","0","0","6","0","0","1","0","0","0","0","0","0","0","0","0","0"
"0500000US13135","Gwinnett County, Georgia","957062","220460","736602","702641","310583","257124","1532","126526","387","6489","33961","31271","9543","5252","6270","196","3305","1576","1832","159","2255","171","7","31","205","422","47","2461","1082","539","37","238","156","6","34","128","62","12","44","6","36","20","48","10","0","0","0","3","223","106","5","59","19","9","0","21","0","0","0","0","3","0","1","0","5","2","2","0","0","0","1","1","1"
"0500000US13137","Habersham County, Georgia","46031","6880","39151","37633","34694","1722","83","990","35","109","1518","1450","287","773","139","17","197","19","1","0","7","0","0","3","0","2","5","51","13","9","3","6","0","2","2","5","0","0","2","1","2","2","0","0","0","4","0","0","17","9","0","3","0","0","0","3","1","0","0","0","0","1","0","0","0","0","0","0","0","0","0","0","0"
"0500000US13139","Hall County, Georgia","203136","57010","146126","140006","120418","14256","341","4198","85","708","6120","5881","1388","2506","753","47","917","87","40","6","87","13","0","4","15","18","0","221","100","27","2","22","38","1","7","9","4","0","0","1","2","0","0","5","0","0","0","3","17","16","1","0","0","0","0","0","0","0","0","0","0","0","0","0","1","1","0","0","0","0","0","0","0"
"0500000US13141","Hancock County, Georgia","8735","63","8672","8509","2413","6025","23","37","1","10","163","148","72","49","10","2","2","8","0","0","5","0","0","0","0","0","0","15","9","2","0","0","0","0","0","2","0","0","2","0","0","0","0","0","0","0","0","0","0","0","0","0","0","0","0","0","0","0","0","0","0","0","0","0","0","0","0","0","0","0","0","0","0"
"0500000US13143","Haralson County, Georgia","29919","497","29422","28416","26825","1253","56","186","9","87","1006","965","216","530","52","3","127","9","13","1","11","0","2","0","1","0","0","32","19","2","1","1","2","3","4","0","0","0","0","0","0","0","0","0","0","0","0","0","6","1","2","0","0","0","0","0","3","0","0","0","0","0","0","0","3","0","3","0","0","0","0","0","0"
"0500000US13145","Harris County, Georgia","34668","1417","33251","31743","25925","5170","101","388","21","138","1508","1434","327","563","248","18","193","25","7","2","39","0","0","1","8","3","0","66","34","5","0","2","20","0","0","1","0","0","0","2","0","2","0","0","0","0","0","0","3","0","0","0","1","2","0","0","0","0","0","0","0","0","0","0","5","5","0","0","0","0","0","0","0"
"0500000US13147","Hart County, Georgia","25828","931","24897","24033","19250","4324","36","335","2","86","864","815","308","316","60","13","85","21","2","0","6","3","0","0","0","0","1","46","25","9","0","0","1","0","0","4","0","0","5","0","0","2","0","0","0","0","0","0","3","2","0","0","1","0","0","0","0","0","0","0","0","0","0","0","0","0","0","0","0","0","0","0","0"
"0500000US13149","Heard County, Georgia","11412","253","11159","10638","9589","930","33","53","4","29","521","498","142","264","17","4","51","6","1","0","9","0","0","3","0","1","0","20","11","4","0","1","0","0","0","0","0","2","0","0","0","0","2","0","0","0","0","0","3","3","0","0","0","0","0","0","0","0","0","0","0","0","0","0","0","0","0","0","0","0","0","0","0"
"0500000US13151","Henry County, Georgia","240712","18437","222275","212900","86297","116431","427","7976","119","1650","9375","8633","2994","1881","917","63","660","762","411","72","777","9","3","10","15","59","0","700","368","113","12","81","30","5","11","17","0","0","12","7","12","22","3","5","0","0","0","2","35","21","3","10","0","0","1","0","0","0","0","0","0","0","0","0","4","1","3","0","0","0","0","3","3"
"0500000US13153","Houston County, Georgia","163633","11807","151826","144274","86211","51992","339","4905","124","703","7552","7013","2156","1916","1331","70","736","280","274","21","146","6","0","5","47","25","0","496","212","100","0","26","54","0","1","57","11","3","14","3","4","0","9","0","0","0","0","2","43","16","4","8","8","0","0","3","4","0","0","0","0","0","0","0","0","0","0","0","0","0","0","0","0"
"0500000US13155","Irwin County, Georgia","9666","663","9003","8785","6402","2224","15","119","1","24","218","201","53","98","14","8","14","8","2","1","1","0","0","0","2","0","0","9","3","4","0","1","0","0","0","0","0","0","0","0","0","1","0","0","0","0","0","0","8","0","0","5","0","2","0","0","0","0","0","0","0","1","0","0","0","0","0","0","0","0","0","0","0"
"0500000US13157","Jackson County, Georgia","75907","6712","69195","66395","59064","5136","127","1744","30","294","2800","2718","655","1239","355","13","352","46","23","0","19","1","0","1","14","0","0","71","31","8","0","2","6","0","11","4","0","0","4","0","4","1","0","0","0","0","0","0","9","0","0","1","0","1","0","0","6","0","0","0","0","0","1","0","2","1","1","0","0","0","0","0","0"
"0500000US13159","Jasper County, Georgia","14588","684","13904","13332","10771","2442","34","22","1","62","572","545","152","289","22","0","60","9","2","3","0","0","0","0","0","8","0","20","0","1","9","0","1","0","0","0","0","0","3","0","1","4","0","0","0","0","0","1","7","0","0","3","0","0","0","0","0","0","4","0","0","0","0","0","0","0","0","0","0","0","0","0","0"
"0500000US13161","Jeff Davis County, Georgia","14779","2047","12732","12359","9950","2293","26","50","7","33","373","348","140","135","6","0","48","4","1","3","8","1","0","0","1","0","1","20","5","0","0","3","2","0","4","0","0","2","0","0","0","4","0","0","0","0","0","0","5","5","0","0","0","0","0","0","0","0","0","0","0","0","0","0","0","0","0","0","0","0","0","0","0"
"0500000US13163","Jefferson County, Georgia","15709","462","15247","14920","6834","7970","21","70","0","25","327","285","156","54","4","11","30","19","6","0","2","0","0","0","3","0","0","36","16","6","0","0","7","0","0","0","0","0","0","0","0","4","3","0","0","0","0","0","6","0","0","0","6","0","0","0","0","0","0","0","0","0","0","0","0","0","0","0","0","0","0","0","0"
"0500000US13165","Jenkins County, Georgia","8674","303","8371","8223","4611","3536","29","12","5","30","148","139","66","45","7","1","5","1","0","0","6","0","0","5","0","3","0","8","1","2","1","0","0","0","1","0","0","0","0","0","3","0","0","0","0","0","0","0","1","0","0","0","0","1","0","0","0","0","0","0","0","0","0","0","0","0","0","0","0","0","0","0","0"
"0500000US13167","Johnson County, Georgia","9189","117","9072","8897","5800","3017","23","28","15","14","175","171","73","73","7","0","4","5","0","0","2","0","1","1","0","5","0","4","3","0","1","0","0","0","0","0","0","0","0","0","0","0","0","0","0","0","0","0","0","0","0","0","0","0","0","0","0","0","0","0","0","0","0","0","0","0","0","0","0","0","0","0","0"
"0500000US13169","Jones County, Georgia","28347","476","27871","27077","20074","6739","46","138","7","73","794","759","232","325","49","1","87","49","8","2","6","0","0","0","0","0","0","28","13","1","3","6","0","0","0","3","0","0","0","0","0","0","0","0","0","2","0","0","7","6","0","0","0","1","0","0","0","0","0","0","0","0","0","0","0","0","0","0","0","0","0","0","0"
"0500000US13171","Lamar County, Georgia","18500","475","18025","17399","12344","4888","13","102","4","48","626","583","208","210","54","3","60","34","11","0","2","0","0","0","1","0","0","41","22","3","0","0","3","0","5","0","1","0","0","0","5","0","2","0","0","0","0","0","2","0","0","0","0","2","0","0","0","0","0","0","0","0","0","0","0","0","0","0","0","0","0","0","0"
"0500000US13173","Lanier County, Georgia","9877","572","9305","8892","6595","2138","31","81","14","33","413","391","131","117","21","6","75","16","2","10","7","1","3","2","0","0","0","18","5","3","0","5","3","0","0","0","0","0","2","0","0","0","0","0","0","0","0","0","4","0","0","0","0","0","0","0","0","0","2","0","0","0","2","0","0","0","0","0","0","0","0","0","0"
"0500000US13175","Laurens County, Georgia","49570","1424","48146","46842","27881","18219","80","507","14","141","1304","1261","566","382","72","11","83","73","19","0","42","0","0","2","5","5","1","35","28","1","2","0","3","0","0","0","0","0","0","0","0","0","0","0","1","0","0","0","1","1","0","0","0","0","0","0","0","0","0","0","0","0","0","0","7","1","6","0","0","0","0","0","0"
"0500000US13177","Lee County, Georgia","33163","953","32210","31103","22758","7331","57","850","9","98","1107","1035","250","407","152","4","153","13","15","1","9","9","0","12","5","2","3","54","18","5","3","3","8","7","2","3","0","0","0","0","2","0","3","0","0","0","0","0","14","6","0","5","0","0","1","0","0","0","0","0","0","0","2","0","4","4","0","0","0","0","0","0","0"
"0500000US13179","Liberty County, Georgia","65256","7786","57470","53622","24004","27309","225","1325","437","322","3848","3492","1433","594","450","60","303","211","132","83","160","4","1","0","35","5","21","326","144","70","10","29","20","5","8","20","0","0","10","0","2","3","0","3","0","0","0","2","30","8","0","10","0","6","0","0","0","0","0","0","6","0","0","0","0","0","0","0","0","0","0","0","0"
"0500000US13181","Lincoln County, Georgia","7690","92","7598","7363","5196","2116","18","20","3","10","235","186","30","101","2","3","22","12","0","7","0","0","0","0","3","0","6","42","9","0","4","5","7","0","5","6","0","0","6","0","0","0","0","0","0","0","0","0","7","5","0","2","0","0","0","0","0","0","0","0","0","0","0","0","0","0","0","0","0","0","0","0","0"
"0500000US13183","Long County, Georgia","16168","1979","14189","13207","8774","4028","62","164","88","91","982","885","343","263","92","15","84","34","16","19","19","0","0","0","0","0","0","91","39","17","0","2","5","0","2","9","5","0","7","0","0","1","4","0","0","0","0","0","3","2","0","0","0","0","0","1","0","0","0","0","0","0","0","0","3","3","0","0","0","0","0","0","0"
"0500000US13185","Lowndes County, Georgia","118251","7872","110379","106022","59306","43946","312","1908","100","450","4357","4074","1314","1131","584","54","465","202","97","32","145","4","0","12","15","9","10","259","118","41","12","9","10","3","14","30","1","2","7","0","1","8","1","0","2","0","0","0","18","6","5","0","0","0","3","0","0","0","0","4","0","0","0","0","6","0","6","0","0","0","0","0","0"
"0500000US13187","Lumpkin County, Georgia","33488","1790","31698","30200","29241","412","151","257","21","118","1498","1438","184","862","144","14","215","0","6","2","4","3","0","1","0","1","2","48","12","11","0","0","12","0","8","0","0","1","0","0","0","0","3","0","0","1","0","0","11","5","2","0","0","0","0","4","0","0","0","0","0","0","0","0","1","0","1","0","0","0","0","0","0"
"0500000US13189","McDuffie County, Georgia","21632","790","20842","20232","11417","8644","45","76","13","37","610","539","226","170","50","3","45","9","7","0","20","4","0","0","2","1","2","55","24","8","4","8","6","2","2","1","0","0","0","0","0","0","0","0","0","0","0","0","14","4","0","5","0","0","5","0","0","0","0","0","0","0","0","0","2","2","0","0","0","0","0","0","0"
"0500000US13191","McIntosh County, Georgia","10975","231","10744","10346","7060","3176","32","43","0","35","398","384","140","134","32","5","39","15","1","0","8","8","0","0","0","2","0","7","0","0","4","0","0","0","1","0","0","0","0","0","0","0","2","0","0","0","0","0","7","7","0","0","0","0","0","0","0","0","0","0","0","0","0","0","0","0","0","0","0","0","0","0","0"
"0500000US13193","Macon County, Georgia","12082","472","11610","11426","4078","7150","15","156","7","20","184","170","96","28","1","2","18","16","4","0","0","0","0","0","0","5","0","12","0","0","0","0","5","0","1","0","0","0","1","0","0","0","5","0","0","0","0","0","1","1","0","0","0","0","0","0","0","0","0","0","0","0","0","0","1","0","1","0","0","0","0","0","0"
"0500000US13195","Madison County, Georgia","30120","1956","28164","26977","23549","2753","44","521","4","106","1187","1140","340","529","92","0","145","22","0","2","5","1","4","0","0","0","0","36","22","3","0","0","7","0","0","4","0","0","0","0","0","0","0","0","0","0","0","0","7","0","2","0","0","5","0","0","0","0","0","0","0","0","0","0","4","0","3","0","0","1","0","0","0"
"0500000US13197","Marion County, Georgia","7498","560","6938","6701","4486","2122","12","55","15","11","237","217","51","115","16","8","15","4","0","0","2","0","0","0","5","0","1","13","0","0","0","0","0","0","10","0","1","0","0","0","1","0","0","0","0","0","0","1","7","0","0","1","0","0","0","6","0","0","0","0","0","0","0","0","0","0","0","0","0","0","0","0","0"
"0500000US13199","Meriwether County, Georgia","20613","475","20138","19555","12084","7273","64","78","6","50","583","573","217","229","34","7","65","11","0","2","7","0","0","0","0","0","1","10","3","1","0","0","0","0","0","2","0","2","2","0","0","0","0","0","0","0","0","0","0","0","0","0","0","0","0","0","0","0","0","0","0","0","0","0","0","0","0","0","0","0","0","0","0"
"0500000US13201","Miller County, Georgia","6000","136","5864","5738","3949","1748","9","26","1","5","126","114","54","40","8","0","4","2","3","1","0","0","0","2","0","0","0","10","3","0","0","5","0","0","0","0","0","0","1","0","0","0","0","0","0","1","0","0","1","0","0","0","0","0","0","0","0","0","0","0","1","0","0","0","1","1","0","0","0","0","0","0","0"
"0500000US13205","Mitchell County, Georgia","21755","964","20791","20346","10106","10054","37","108","0","41","445","426","192","98","29","10","42","22","3","4","21","3","0","2","0","0","0","15","5","4","1","0","0","0","0","0","1","0","0","3","0","0","0","1","0","0","0","0","2","0","0","0","0","2","0","0","0","0","0","0","0","0","0","0","2","2","0","0","0","0","0","0","0"
"0500000US13207","Monroe County, Georgia","27957","714","27243","26397","19954","6084","34","239","0","86","846","802","208","369","82","3","89","30","3","5","11","0","0","0","1","1","0","42","29","0","3","5","0","0","5","0","0","0","0","0","0","0","0","0","0","0","0","0","2","0","0","0","0","0","0","2","0","0","0","0","0","0","0","0","0","0","0","0","0","0","0","0","0"
"0500000US13209","Montgomery County, Georgia","8610","571","8039","7843","5665","2120","11","34","0","13","196","182","65","72","6","2","25","3","0","0","5","0","0","2","2","0","0","12","10","0","0","0","0","0","2","0","0","0","0","0","0","0","0","0","0","0","0","0","2","0","2","0","0","0","0","0","0","0","0","0","0","0","0","0","0","0","0","0","0","0","0","0","0"
"0500000US13211","Morgan County, Georgia","20097","712","19385","18825","14487","4105","42","122","1","68","560","527","136","268","39","1","54","13","8","0","5","0","0","0","0","3","0","26","5","10","0","6","0","0","0","0","2","0","0","0","0","3","0","0","0","0","0","0","2","1","0","0","0","0","0","0","0","0","0","0","0","0","1","0","5","2","3","0","0","0","0","0","0"
"0500000US13213","Murray County, Georgia","39973","5914","34059","32693","32164","263","79","127","2","58","1366","1321","193","882","43","7","176","5","4","0","2","0","0","0","0","9","0","35","11","5","3","6","0","0","2","4","0","0","0","0","0","0","4","0","0","0","0","0","9","4","0","5","0","0","0","0","0","0","0","0","0","0","0","0","1","0","0","0","0","1","0","0","0"
"0500000US13215","Muscogee County, Georgia","206922","16513","190409","181411","79083","94701","488","5546","517","1076","8998","8281","2985","1679","1349","119","669","553","388","90","292","27","5","5","95","25","0","665","274","158","15","46","66","3","0","61","5","0","6","0","14","8","9","0","0","0","0","0","49","21","0","11","5","4","0","3","0","0","3","0","0","0","2","0","3","3","0","0","0","0","0","0","0"
"0500000US13217","Newton County, Georgia","112483","7164","105319","101059","46746","52246","175","1044","114","734","4260","3938","1485","1047","230","21","284","251","130","32","424","4","0","3","12","15","0","288","145","37","11","30","14","0","16","8","0","3","6","4","2","2","7","3","0","0","0","0","34","12","3","13","2","1","0","3","0","0","0","0","0","0","0","0","0","0","0","0","0","0","0","0","0"
"0500000US13219","Oconee County, Georgia","41799","2347","39452","38051","33886","1897","31","2066","0","171","1401","1353","239","499","350","7","218","10","11","0","10","3","0","0","2","4","0","44","23","1","0","2","9","3","0","4","1","0","0","0","0","1","0","0","0","0","0","0","3","2","0","0","0","0","0","0","0","0","0","1","0","0","0","0","1","0","1","0","0","0","0","0","0"
"0500000US13221","Oglethorpe County, Georgia","14825","869","13956","13383","10903","2248","40","134","5","53","573","551","156","271","51","5","50","16","0","0","1","0","0","0","1","0","0","16","7","0","3","0","0","1","0","0","0","0","2","0","0","0","0","3","0","0","0","0","6","0","0","0","0","4","0","2","0","0","0","0","0","0","0","0","0","0","0","0","0","0","0","0","0"
"0500000US13223","Paulding County, Georgia","168661","12564","156097","148555","108444","36609","394","1926","114","1068","7542","7149","2069","2519","758","55","909","272","186","24","291","16","3","15","12","17","3","362","180","80","5","45","6","0","6","22","0","1","2","0","4","0","5","3","3","0","0","0","30","18","0","2","0","6","0","0","0","0","0","0","3","0","1","0","1","0","0","0","0","1","0","0","0"
"0500000US13225","Peach County, Georgia","27981","2547","25434","24619","12119","12139","63","194","6","98","815","751","252","272","90","8","45","50","5","5","23","0","0","0","1","0","0","61","20","14","2","2","5","5","6","0","0","3","0","0","2","2","0","0","0","0","0","0","3","0","0","0","0","0","0","0","0","0","0","3","0","0","0","0","0","0","0","0","0","0","0","0","0"
"0500000US13227","Pickens County, Georgia","33216","1198","32018","30758","30122","286","85","191","4","70","1260","1231","152","787","59","5","199","2","0","0","4","3","0","12","2","3","3","21","16","0","0","0","3","1","0","1","0","0","0","0","0","0","0","0","0","0","0","0","8","2","0","6","0","0","0","0","0","0","0","0","0","0","0","0","0","0","0","0","0","0","0","0","0"
"0500000US13229","Pierce County, Georgia","19716","998","18718","18168","16403","1597","41","82","0","45","550","534","145","223","50","9","78","2","9","2","12","2","0","0","0","0","2","16","14","0","0","1","0","0","0","1","0","0","0","0","0","0","0","0","0","0","0","0","0","0","0","0","0","0","0","0","0","0","0","0","0","0","0","0","0","0","0","0","0","0","0","0","0"
"0500000US13231","Pike County, Georgia","18889","348","18541","17925","16313","1445","28","77","0","62","616","577","114","323","49","1","73","6","0","6","5","0","0","0","0","0","0","26","11","0","0","0","3","0","0","11","0","0","0","0","0","1","0","0","0","0","0","0","10","3","0","5","0","1","0","0","0","0","0","1","0","0","0","0","3","0","3","0","0","0","0","0","0"
"0500000US13233","Polk County, Georgia","42853","5585","37268","35797","30161","5119","101","239","21","156","1471","1411","448","657","81","10","164","24","5","0","14","0","3","2","0","0","3","60","48","0","5","5","0","0","0","0","0","0","0","0","2","0","0","0","0","0","0","0","0","0","0","0","0","0","0","0","0","0","0","0","0","0","0","0","0","0","0","0","0","0","0","0","0"
"0500000US13235","Pulaski County, Georgia","9855","327","9528","9334","6022","3161","8","92","3","48","194","189","45","74","17","3","31","15","0","0","3","0","0","0","1","0","0","5","1","0","1","1","0","0","0","2","0","0","0","0","0","0","0","0","0","0","0","0","0","0","0","0","0","0","0","0","0","0","0","0","0","0","0","0","0","0","0","0","0","0","0","0","0"
"0500000US13237","Putnam County, Georgia","22047","1557","20490","19883","14316","5385","33","108","1","40","607","565","168","213","39","4","94","23","2","5","9","0","0","3","0","4","1","42","11","8","0","4","0","0","5","2","3","0","0","0","5","1","0","0","0","0","0","3","0","0","0","0","0","0","0","0","0","0","0","0","0","0","0","0","0","0","0","0","0","0","0","0","0"
"0500000US13239","Quitman County, Georgia","2235","31","2204","2141","1190","917","13","12","0","9","63","59","31","23","1","0","0","0","1","0","1","1","0","1","0","0","0","4","2","1","0","0","0","0","0","0","0","0","0","0","0","0","0","1","0","0","0","0","0","0","0","0","0","0","0","0","0","0","0","0","0","0","0","0","0","0","0","0","0","0","0","0","0"
"0500000US13241","Rabun County, Georgia","16883","1452","15431","14856","14625","107","28","60","1","35","575","544","54","381","22","2","75","0","4","1","5","0","0","0","0","0","0","25","11","0","0","0","7","0","2","2","3","0","0","0","0","0","0","0","0","0","0","0","6","0","0","1","0","0","0","0","0","0","0","0","0","0","5","0","0","0","0","0","0","0","0","0","0"
"0500000US13243","Randolph County, Georgia","6425","143","6282","6168","2250","3862","9","21","3","23","114","96","37","40","3","0","9","7","0","0","0","0","0","0","0","0","0","14","3","0","0","0","0","0","0","0","0","1","8","0","0","0","2","0","0","0","0","0","4","0","0","0","0","3","0","1","0","0","0","0","0","0","0","0","0","0","0","0","0","0","0","0","0"
"0500000US13245","Richmond County, Georgia","206607","11449","195158","187058","68397","112947","511","3907","391","905","8100","7415","2906","1506","892","64","568","589","327","73","389","14","0","11","42","30","4","653","347","109","5","60","18","15","12","38","4","0","14","2","1","14","8","5","0","1","0","0","27","10","0","8","8","1","0","0","0","0","0","0","0","0","0","0","5","5","0","0","0","0","0","0","0"
"0500000US13247","Rockdale County, Georgia","93570","9540","84030","80674","24500","53785","168","1532","72","617","3356","3104","1076","594","173","22","207","297","128","32","547","7","3","0","2","16","0","229","143","26","6","25","8","0","1","7","0","2","0","0","0","4","7","0","0","0","0","0","22","6","0","14","0","2","0","0","0","0","0","0","0","0","0","0","1","1","0","0","0","0","0","0","0"
"0500000US13249","Schley County, Georgia","4547","175","4372","4253","3357","863","4","20","2","7","119","108","36","43","14","0","8","4","0","0","0","2","0","0","0","1","0","10","7","2","0","0","0","0","0","0","0","0","1","0","0","0","0","0","0","0","0","0","1","0","0","1","0","0","0","0","0","0","0","0","0","0","0","0","0","0","0","0","0","0","0","0","0"
"0500000US13251","Screven County, Georgia","14067","287","13780","13437","8018","5285","39","61","3","31","343","312","132","90","10","0","44","18","2","0","11","0","0","4","1","0","0","31","7","2","0","12","0","0","0","10","0","0","0","0","0","0","0","0","0","0","0","0","0","0","0","0","0","0","0","0","0","0","0","0","0","0","0","0","0","0","0","0","0","0","0","0","0"
"0500000US13253","Seminole County, Georgia","9147","228","8919","8670","5617","2961","6","61","0","25","249","233","76","110","11","1","24","3","4","0","0","4","0","0","0","0","0","14","2","3","0","6","0","0","3","0","0","0","0","0","0","0","0","0","0","0","0","0","2","0","2","0","0","0","0","0","0","0","0","0","0","0","0","0","0","0","0","0","0","0","0","0","0"
"0500000US13255","Spalding County, Georgia","67306","3666","63640","61317","37105","23148","154","640","23","247","2323","2206","787","848","142","14","229","102","15","3","58","1","1","1","1","0","4","104","61","5","7","10","11","0","5","0","2","0","0","0","2","1","0","0","0","0","0","0","10","3","1","4","0","2","0","0","0","0","0","0","0","0","0","0","3","0","0","0","0","0","3","0","0"
"0500000US13257","Stephens County, Georgia","26784","857","25927","24642","21323","2936","73","225","9","76","1285","1223","402","537","56","9","153","35","1","4","16","0","0","0","0","10","0","60","32","3","2","7","9","2","1","0","4","0","0","0","0","0","0","0","0","0","0","0","2","0","0","1","1","0","0","0","0","0","0","0","0","0","0","0","0","0","0","0","0","0","0","0","0"
"0500000US13259","Stewart County, Georgia","5314","1217","4097","3989","1338","2461","10","167","5","8","108","98","33","34","0","1","8","9","4","3","1","0","0","0","3","2","0","6","2","0","3","0","0","0","0","0","0","0","0","0","1","0","0","0","0","0","0","0","4","4","0","0","0","0","0","0","0","0","0","0","0","0","0","0","0","0","0","0","0","0","0","0","0"
"0500000US13261","Sumter County, Georgia","29616","1770","27846","27181","11528","15051","40","503","4","55","665","605","286","159","49","15","27","48","4","0","11","0","0","0","5","1","0","47","28","3","0","2","0","2","0","3","2","0","1","0","5","0","1","0","0","0","0","0","8","5","0","0","0","0","0","3","0","0","0","0","0","0","0","0","5","5","0","0","0","0","0","0","0"
"0500000US13263","Talbot County, Georgia","5733","112","5621","5512","2427","3056","5","17","1","6","109","102","31","44","0","0","14","4","1","0","4","0","0","0","4","0","0","7","4","0","0","0","0","1","0","0","1","0","0","0","0","0","1","0","0","0","0","0","0","0","0","0","0","0","0","0","0","0","0","0","0","0","0","0","0","0","0","0","0","0","0","0","0"
"0500000US13265","Taliaferro County, Georgia","1559","69","1490","1436","591","833","4","6","0","2","54","46","24","14","5","0","1","0","0","0","2","0","0","0","0","0","0","7","2","1","1","0","0","0","0","0","0","0","0","0","0","2","1","0","0","0","0","0","1","0","0","0","0","0","0","0","0","0","0","1","0","0","0","0","0","0","0","0","0","0","0","0","0"
"0500000US13267","Tattnall County, Georgia","22842","2303","20539","20001","13825","5961","36","127","6","46","538","471","194","167","20","8","58","12","6","0","5","0","0","0","0","0","1","51","19","15","0","9","1","1","0","3","0","0","0","0","0","3","0","0","0","0","0","0","16","9","2","0","1","0","0","0","0","0","0","2","0","0","2","0","0","0","0","0","0","0","0","0","0"
"0500000US13269","Taylor County, Georgia","7816","168","7648","7468","4584","2807","27","29","2","19","180","162","83","53","1","0","10","3","3","3","4","0","0","0","2","0","0","16","11","0","0","2","0","1","0","0","2","0","0","0","0","0","0","0","0","0","0","0","2","0","0","0","2","0","0","0","0","0","0","0","0","0","0","0","0","0","0","0","0","0","0","0","0"
"0500000US13271","Telfair County, Georgia","12477","1928","10549","10371","5970","4326","28","30","0","17","178","171","90","51","9","0","13","0","0","0","8","0","0","0","0","0","0","4","2","0","0","0","2","0","0","0","0","0","0","0","0","0","0","0","0","0","0","0","3","0","0","0","0","0","0","0","0","0","0","0","0","3","0","0","0","0","0","0","0","0","0","0","0"
"0500000US13273","Terrell County, Georgia","9185","177","9008","8809","3189","5540","11","57","1","11","199","185","73","52","3","0","11","13","5","0","14","0","1","0","9","4","0","11","4","6","1","0","0","0","0","0","0","0","0","0","0","0","0","0","0","0","0","0","3","0","0","0","1","0","2","0","0","0","0","0","0","0","0","0","0","0","0","0","0","0","0","0","0"
"0500000US13275","Thomas County, Georgia","45798","1577","44221","42942","25994","16259","150","406","9","124","1279","1231","394","497","94","6","117","47","9","4","50","2","0","0","5","6","0","47","35","1","1","3","2","0","0","1","0","0","0","0","4","0","0","0","0","0","0","0","1","1","0","0","0","0","0","0","0","0","0","0","0","0","0","0","0","0","0","0","0","0","0","0","0"
"0500000US13277","Tift County, Georgia","41344","5219","36125","35037","22189","12049","56","650","2","91","1088","1051","425","324","113","1","111","52","6","0","15","0","0","1","0","3","0","31","19","4","0","0","6","0","0","0","2","0","0","0","0","0","0","0","0","0","0","0","6","2","4","0","0","0","0","0","0","0","0","0","0","0","0","0","0","0","0","0","0","0","0","0","0"
"0500000US13279","Toombs County, Georgia","27030","3044","23986","23310","16007","6980","31","207","6","79","676","641","297","211","42","2","66","21","1","0","0","0","0","0","1","0","0","33","20","0","0","2","11","0","0","0","0","0","0","0","0","0","0","0","0","0","0","0","2","0","0","0","0","2","0","0","0","0","0","0","0","0","0","0","0","0","0","0","0","0","0","0","0"
"0500000US13281","Towns County, Georgia","12493","415","12078","11740","11469","124","28","81","3","35","338","319","19","205","24","3","62","0","0","0","0","0","0","4","0","0","2","11","2","0","5","0","0","0","3","0","0","1","0","0","0","0","0","0","0","0","0","0","5","1","0","0","0","4","0","0","0","0","0","0","0","0","0","0","3","3","0","0","0","0","0","0","0"
"0500000US13283","Treutlen County, Georgia","6406","170","6236","6097","4065","1999","19","7","0","7","139","129","69","36","4","0","13","0","0","0","2","0","0","0","4","1","0","10","0","5","0","0","0","3","0","2","0","0","0","0","0","0","0","0","0","0","0","0","0","0","0","0","0","0","0","0","0","0","0","0","0","0","0","0","0","0","0","0","0","0","0","0","0"
"0500000US13285","Troup County, Georgia","69426","2956","66470","64266","38099","24157","127","1608","36","239","2204","2078","819","659","153","15","267","82","23","14","40","2","2","1","1","0","0","117","67","13","0","5","4","6","0","10","0","0","3","0","4","0","1","0","0","4","0","0","9","0","0","8","0","0","0","0","0","0","0","1","0","0","0","0","0","0","0","0","0","0","0","0","0"
"0500000US13287","Turner County, Georgia","9006","372","8634","8425","4700","3644","7","49","0","25","209","191","96","63","1","0","16","11","0","0","0","4","0","0","0","0","0","16","0","3","0","6","2","0","2","0","0","0","0","0","3","0","0","0","0","0","0","0","2","0","0","0","0","0","0","2","0","0","0","0","0","0","0","0","0","0","0","0","0","0","0","0","0"
"0500000US13289","Twiggs County, Georgia","8022","124","7898","7657","4487","3099","16","37","0","18","241","222","72","102","17","2","18","3","0","0","6","0","0","0","2","0","0","19","6","4","0","4","0","0","0","0","0","0","0","0","3","1","0","0","0","1","0","0","0","0","0","0","0","0","0","0","0","0","0","0","0","0","0","0","0","0","0","0","0","0","0","0","0"
"0500000US13291","Union County, Georgia","24632","816","23816","23009","22646","126","74","100","0","63","807","782","55","519","62","6","129","3","0","0","0","5","3","0","0","0","0","25","2","0","1","12","2","0","4","1","1","0","0","2","0","0","0","0","0","0","0","0","0","0","0","0","0","0","0","0","0","0","0","0","0","0","0","0","0","0","0","0","0","0","0","0","0"
"0500000US13293","Upson County, Georgia","27700","633","27067","26181","18009","7851","63","151","1","106","886","860","331","342","62","0","80","17","2","5","13","0","0","5","3","0","0","23","13","0","1","0","4","0","1","2","0","1","0","0","0","1","0","0","0","0","0","0","3","0","0","2","0","0","0","0","0","0","0","0","0","0","1","0","0","0","0","0","0","0","0","0","0"
"0500000US13295","Walker County, Georgia","67654","1685","65969","63165","59654","2840","149","293","25","204","2804","2741","639","1498","161","10","372","36","0","0","16","0","1","0","8","0","0","55","27","11","0","11","0","0","0","3","0","0","0","0","0","3","0","0","0","0","0","0","8","0","0","1","3","0","0","0","0","0","0","0","0","0","4","0","0","0","0","0","0","0","0","0","0"
"0500000US13297","Walton County, Georgia","96673","5228","91445","87828","68499","17136","188","1409","44","552","3617","3488","916","1526","380","16","335","103","67","3","89","0","2","1","20","30","0","119","60","10","3","3","7","5","0","7","15","0","0","2","6","0","0","0","0","0","0","1","6","0","1","4","0","0","0","0","0","0","0","0","0","0","1","0","4","0","0","0","0","0","4","0","0"
"0500000US13299","Ware County, Georgia","36251","1612","34639","33518","22275","10703","77","333","18","112","1121","1055","473","343","47","0","118","50","5","0","13","1","0","0","0","4","1","52","32","3","6","5","4","0","0","0","1","0","0","0","0","0","1","0","0","0","0","0","8","0","3","5","0","0","0","0","0","0","0","0","0","0","0","0","6","3","0","0","3","0","0","0","0"
"0500000US13301","Warren County, Georgia","5215","53","5162","5065","1974","3047","18","15","1","10","97","76","49","14","4","2","1","0","2","0","4","0","0","0","0","0","0","15","3","0","0","6","0","0","6","0","0","0","0","0","0","0","0","0","0","0","0","0","6","0","1","0","0","5","0","0","0","0","0","0","0","0","0","0","0","0","0","0","0","0","0","0","0"
"0500000US13303","Washington County, Georgia","19988","334","19654","19253","8412","10698","37","76","0","30","401","366","170","105","8","3","45","12","0","2","14","7","0","0","0","0","0","28","9","3","2","3","2","0","5","0","2","0","0","0","0","0","0","0","1","0","1","0","7","0","4","3","0","0","0","0","0","0","0","0","0","0","0","0","0","0","0","0","0","0","0","0","0"
"0500000US13305","Wayne County, Georgia","30144","1732","28412","27542","21301","5877","58","174","2","130","870","831","259","306","85","0","102","48","2","6","14","0","0","1","5","0","3","33","21","0","0","2","2","1","0","0","2","1","0","0","2","2","0","0","0","0","0","0","6","0","3","0","0","0","0","0","1","0","0","1","0","0","1","0","0","0","0","0","0","0","0","0","0"
"0500000US13307","Webster County, Georgia","2348","59","2289","2220","1136","1063","0","12","6","3","69","53","12","27","0","8","1","2","3","0","0","0","0","0","0","0","0","14","9","1","0","0","0","0","0","0","3","0","0","1","0","0","0","0","0","0","0","0","2","0","0","0","2","0","0","0","0","0","0","0","0","0","0","0","0","0","0","0","0","0","0","0","0"
"0500000US13309","Wheeler County, Georgia","7471","272","7199","7064","4157","2875","9","17","0","6","135","124","49","48","3","0","15","2","1","0","6","0","0","0","0","0","0","9","0","0","0","2","0","0","0","6","0","0","0","1","0","0","0","0","0","0","0","0","2","1","1","0","0","0","0","0","0","0","0","0","0","0","0","0","0","0","0","0","0","0","0","0","0"
"0500000US13311","White County, Georgia","28003","913","27090","25806","24959","467","105","159","0","116","1284","1245","172","787","87","0","173","8","7","2","1","0","0","6","0","0","2","37","23","7","2","0","3","0","2","0","0","0","0","0","0","0","0","0","0","0","0","0","0","0","0","0","0","0","0","0","0","0","0","0","0","0","0","0","2","0","0","2","0","0","0","0","0"
"0500000US13313","Whitfield County, Georgia","102864","36916","65948","63327","57875","3553","182","1394","19","304","2621","2520","736","1134","215","8","333","41","2","4","24","3","0","1","8","11","0","89","53","15","0","6","1","0","6","1","4","0","0","0","0","2","1","0","0","0","0","0","7","0","0","5","1","0","0","0","0","0","0","0","1","0","0","0","3","1","2","0","0","0","0","2","2"
"0500000US13315","Wilcox County, Georgia","8766","272","8494","8345","5185","3096","3","49","3","9","149","130","39","58","6","2","16","3","0","1","0","0","0","0","0","4","1","15","5","0","0","0","2","0","0","6","0","0","2","0","0","0","0","0","0","0","0","0","0","0","0","0","0","0","0","0","0","0","0","0","0","0","0","0","4","0","4","0","0","0","0","0","0"
"0500000US13317","Wilkes County, Georgia","9565","399","9166","8889","4952","3838","22","59","0","18","277","258","95","91","6","0","39","15","0","4","7","0","0","0","1","0","0","13","2","0","0","0","3","0","3","1","0","0","4","0","0","0","0","0","0","0","0","0","6","0","1","0","0","0","0","5","0","0","0","0","0","0","0","0","0","0","0","0","0","0","0","0","0"
"0500000US13319","Wilkinson County, Georgia","8877","239","8638","8341","5110","3163","30","22","3","13","297","276","119","117","5","0","22","0","4","0","9","0","0","0","0","0","0","16","3","0","3","0","0","0","0","2","1","0","7","0","0","0","0","0","0","0","0","0","3","0","0","0","3","0","0","0","0","0","0","0","0","0","0","0","2","0","2","0","0","0","0","0","0"
"0500000US13321","Worth County, Georgia","20784","381","20403","19879","14427","5255","49","87","8","53","524","495","173","190","42","0","51","32","0","0","4","0","0","1","0","0","2","20","6","0","2","3","2","3","1","0","0","0","0","0","3","0","0","0","0","0","0","0","4","0","0","4","0","0","0","0","0","0","0","0","0","0","0","0","5","0","5","0","0","0","0","0","0"
